K,M,grid_factor,grid_size,nu,cutoff_spec,cutoff_mode_native_units,tail_start_frac,scalar_residual_linf,derivative_residual_linf,upper_triangular_defect_linf_max,a21_linf,twist_average,twist_min,twist_max,frame_tangent_norm_min,frame_tangent_norm_max,small_divisor_min_denominator,small_divisor_min_mode,cohomology_inverse_linf_resolved,residual_l1_nu_total,derivative_l1_nu_total,residual_l1_nu_tail_to_core_observed,derivative_l1_nu_tail_to_core_observed,cohomology_residual_correction_l1_nu_proxy,cohomology_zero_mode_residual_abs,Y_cohomology_proxy,Z_linear_reducibility_proxy,Q_nonlinear_proxy,best_radius_proxy,best_radii_margin_proxy,best_relative_margin_proxy,any_positive_radii_margin_proxy,dominant_proxy_term,recommendation_label,recommendation_score,npz_path
0.971635,8192,4,32768,1.001,full,4095,0.5,1.6712770139169775e-09,2.0148550871131545e-05,0.0001717048746847638,0.0001717048746847638,1.4650834088702989,-0.23879527226722919,7.293471926256523,0.4509359224405899,9.474386580224484,0.0010874325336761744,2584,919.5972798601124,1.7865344539747505e-08,0.0005620552823373908,0.2943332167279389,2.2772387247396457,1.3669990056852217e-07,3.2724825386551336e-16,1.3669990056852217e-07,0.15789933569883027,741.2309010414174,1e-05,8.210183652339034e-06,0.8210183652339034,True,Z_linear_reducibility_proxy,strong_pre_interval_candidate,5,artifacts/proof_audit/theorem_iii_trackb/phase4i_selected_seed/K0p9716350000_M8192_H1_SELECTED.npz
0.971635,8192,4,32768,1.001,full,4095,0.75,1.6712770139169775e-09,2.0148550871131545e-05,0.0001717048746847638,0.0001717048746847638,1.4650834088702989,-0.23879527226722919,7.293471926256523,0.4509359224405899,9.474386580224484,0.0010874325336761744,2584,919.5972798601124,1.7865344539747505e-08,0.0005620552823373908,0.2943332167279389,2.2772387247396457,1.3669990056852217e-07,3.2724825386551336e-16,1.3669990056852217e-07,0.15789933569883027,741.2309010414174,1e-05,8.210183652339034e-06,0.8210183652339034,True,Z_linear_reducibility_proxy,strong_pre_interval_candidate,5,artifacts/proof_audit/theorem_iii_trackb/phase4i_selected_seed/K0p9716350000_M8192_H1_SELECTED.npz
0.971635,8192,4,32768,1.001,full,4095,0.9,1.6712770139169775e-09,2.0148550871131545e-05,0.0001717048746847638,0.0001717048746847638,1.4650834088702989,-0.23879527226722919,7.293471926256523,0.4509359224405899,9.474386580224484,0.0010874325336761744,2584,919.5972798601124,1.7865344539747505e-08,0.0005620552823373908,0.2943332167279389,2.2772387247396457,1.3669990056852217e-07,3.2724825386551336e-16,1.3669990056852217e-07,0.15789933569883027,741.2309010414174,1e-05,8.210183652339034e-06,0.8210183652339034,True,Z_linear_reducibility_proxy,strong_pre_interval_candidate,5,artifacts/proof_audit/theorem_iii_trackb/phase4i_selected_seed/K0p9716350000_M8192_H1_SELECTED.npz
0.971635,8192,4,32768,1.001,frac:0.98,4013,0.5,1.6712770139169775e-09,2.0148550871131545e-05,0.0001717048746847638,0.0001717048746847638,1.4650834088702989,-0.23879527226722919,7.293471926256523,0.4509359224405899,9.474386580224484,0.0010874325336761744,2584,919.5972798601124,1.7865344539747505e-08,0.0005620552823373908,0.2944759196075252,2.277980029269938,1.3668254061169022e-07,3.2724825386551336e-16,1.3668254061169022e-07,0.15789933569883027,741.2309010414174,1e-05,8.210201012295867e-06,0.8210201012295866,True,Z_linear_reducibility_proxy,strong_pre_interval_candidate,5,artifacts/proof_audit/theorem_iii_trackb/phase4i_selected_seed/K0p9716350000_M8192_H1_SELECTED.npz
0.971635,8192,4,32768,1.001,frac:0.98,4013,0.75,1.6712770139169775e-09,2.0148550871131545e-05,0.0001717048746847638,0.0001717048746847638,1.4650834088702989,-0.23879527226722919,7.293471926256523,0.4509359224405899,9.474386580224484,0.0010874325336761744,2584,919.5972798601124,1.7865344539747505e-08,0.0005620552823373908,0.2944759196075252,2.277980029269938,1.3668254061169022e-07,3.2724825386551336e-16,1.3668254061169022e-07,0.15789933569883027,741.2309010414174,1e-05,8.210201012295867e-06,0.8210201012295866,True,Z_linear_reducibility_proxy,strong_pre_interval_candidate,5,artifacts/proof_audit/theorem_iii_trackb/phase4i_selected_seed/K0p9716350000_M8192_H1_SELECTED.npz
0.971635,8192,4,32768,1.001,frac:0.98,4013,0.9,1.6712770139169775e-09,2.0148550871131545e-05,0.0001717048746847638,0.0001717048746847638,1.4650834088702989,-0.23879527226722919,7.293471926256523,0.4509359224405899,9.474386580224484,0.0010874325336761744,2584,919.5972798601124,1.7865344539747505e-08,0.0005620552823373908,0.2944759196075252,2.277980029269938,1.3668254061169022e-07,3.2724825386551336e-16,1.3668254061169022e-07,0.15789933569883027,741.2309010414174,1e-05,8.210201012295867e-06,0.8210201012295866,True,Z_linear_reducibility_proxy,strong_pre_interval_candidate,5,artifacts/proof_audit/theorem_iii_trackb/phase4i_selected_seed/K0p9716350000_M8192_H1_SELECTED.npz
0.971635,8192,4,32768,1.001,frac:0.95,3890,0.5,1.6712770139169775e-09,2.0148550871131545e-05,0.0001717048746847638,0.0001717048746847638,1.4650834088702989,-0.23879527226722919,7.293471926256523,0.4509359224405899,9.474386580224484,0.0010874325336761744,2584,919.5972798601124,1.7865344539747505e-08,0.0005620552823373908,0.2946839527401476,2.27903734754704,1.366613605267911e-07,3.2724825386551336e-16,1.366613605267911e-07,0.15789933569883027,741.2309010414174,1e-05,8.210222192380766e-06,0.8210222192380765,True,Z_linear_reducibility_proxy,strong_pre_interval_candidate,5,artifacts/proof_audit/theorem_iii_trackb/phase4i_selected_seed/K0p9716350000_M8192_H1_SELECTED.npz
0.971635,8192,4,32768,1.001,frac:0.95,3890,0.75,1.6712770139169775e-09,2.0148550871131545e-05,0.0001717048746847638,0.0001717048746847638,1.4650834088702989,-0.23879527226722919,7.293471926256523,0.4509359224405899,9.474386580224484,0.0010874325336761744,2584,919.5972798601124,1.7865344539747505e-08,0.0005620552823373908,0.2946839527401476,2.27903734754704,1.366613605267911e-07,3.2724825386551336e-16,1.366613605267911e-07,0.15789933569883027,741.2309010414174,1e-05,8.210222192380766e-06,0.8210222192380765,True,Z_linear_reducibility_proxy,strong_pre_interval_candidate,5,artifacts/proof_audit/theorem_iii_trackb/phase4i_selected_seed/K0p9716350000_M8192_H1_SELECTED.npz
0.971635,8192,4,32768,1.001,frac:0.95,3890,0.9,1.6712770139169775e-09,2.0148550871131545e-05,0.0001717048746847638,0.0001717048746847638,1.4650834088702989,-0.23879527226722919,7.293471926256523,0.4509359224405899,9.474386580224484,0.0010874325336761744,2584,919.5972798601124,1.7865344539747505e-08,0.0005620552823373908,0.2946839527401476,2.27903734754704,1.366613605267911e-07,3.2724825386551336e-16,1.366613605267911e-07,0.15789933569883027,741.2309010414174,1e-05,8.210222192380766e-06,0.8210222192380765,True,Z_linear_reducibility_proxy,strong_pre_interval_candidate,5,artifacts/proof_audit/theorem_iii_trackb/phase4i_selected_seed/K0p9716350000_M8192_H1_SELECTED.npz
0.971635,8192,4,32768,1.001,frac:0.90,3685,0.5,1.6712770139169775e-09,2.0148550871131545e-05,0.0001717048746847638,0.0001717048746847638,1.4650834088702989,-0.23879527226722919,7.293471926256523,0.4509359224405899,9.474386580224484,0.0010874325336761744,2584,919.5972798601124,1.7865344539747505e-08,0.0005620552823373908,0.294890685909544,2.280041225898743,1.3664622064755406e-07,3.2724825386551336e-16,1.3664622064755406e-07,0.15789933569883027,741.2309010414174,1e-05,8.210237332260003e-06,0.8210237332260002,True,Z_linear_reducibility_proxy,strong_pre_interval_candidate,5,artifacts/proof_audit/theorem_iii_trackb/phase4i_selected_seed/K0p9716350000_M8192_H1_SELECTED.npz
0.971635,8192,4,32768,1.001,frac:0.90,3685,0.75,1.6712770139169775e-09,2.0148550871131545e-05,0.0001717048746847638,0.0001717048746847638,1.4650834088702989,-0.23879527226722919,7.293471926256523,0.4509359224405899,9.474386580224484,0.0010874325336761744,2584,919.5972798601124,1.7865344539747505e-08,0.0005620552823373908,0.294890685909544,2.280041225898743,1.3664622064755406e-07,3.2724825386551336e-16,1.3664622064755406e-07,0.15789933569883027,741.2309010414174,1e-05,8.210237332260003e-06,0.8210237332260002,True,Z_linear_reducibility_proxy,strong_pre_interval_candidate,5,artifacts/proof_audit/theorem_iii_trackb/phase4i_selected_seed/K0p9716350000_M8192_H1_SELECTED.npz
0.971635,8192,4,32768,1.001,frac:0.90,3685,0.9,1.6712770139169775e-09,2.0148550871131545e-05,0.0001717048746847638,0.0001717048746847638,1.4650834088702989,-0.23879527226722919,7.293471926256523,0.4509359224405899,9.474386580224484,0.0010874325336761744,2584,919.5972798601124,1.7865344539747505e-08,0.0005620552823373908,0.294890685909544,2.280041225898743,1.3664622064755406e-07,3.2724825386551336e-16,1.3664622064755406e-07,0.15789933569883027,741.2309010414174,1e-05,8.210237332260003e-06,0.8210237332260002,True,Z_linear_reducibility_proxy,strong_pre_interval_candidate,5,artifacts/proof_audit/theorem_iii_trackb/phase4i_selected_seed/K0p9716350000_M8192_H1_SELECTED.npz
0.971635,8192,4,32768,1.002,full,4095,0.5,1.6712770139169775e-09,2.0148550871131545e-05,0.0001717048746847638,0.0001717048746847638,1.4650834088702989,-0.23879527226722919,7.293471926256523,0.4509359224405899,9.474386580224484,0.0010874325336761744,2584,919.5972798601124,0.026018615840028632,2599.373705376065,245367.51574558057,1842869.1268054778,1.0821975322633658e-06,3.2724825386551336e-16,1.0821975322633658e-06,0.15789933569883027,741.2309010414174,1e-05,7.26468602064419e-06,0.726468602064419,True,Z_linear_reducibility_proxy,strong_pre_interval_candidate,5,artifacts/proof_audit/theorem_iii_trackb/phase4i_selected_seed/K0p9716350000_M8192_H1_SELECTED.npz
0.971635,8192,4,32768,1.002,full,4095,0.75,1.6712770139169775e-09,2.0148550871131545e-05,0.0001717048746847638,0.0001717048746847638,1.4650834088702989,-0.23879527226722919,7.293471926256523,0.4509359224405899,9.474386580224484,0.0010874325336761744,2584,919.5972798601124,0.026018615840028632,2599.373705376065,245367.51574558057,1842869.1268054778,1.0821975322633658e-06,3.2724825386551336e-16,1.0821975322633658e-06,0.15789933569883027,741.2309010414174,1e-05,7.26468602064419e-06,0.726468602064419,True,Z_linear_reducibility_proxy,strong_pre_interval_candidate,5,artifacts/proof_audit/theorem_iii_trackb/phase4i_selected_seed/K0p9716350000_M8192_H1_SELECTED.npz
0.971635,8192,4,32768,1.002,full,4095,0.9,1.6712770139169775e-09,2.0148550871131545e-05,0.0001717048746847638,0.0001717048746847638,1.4650834088702989,-0.23879527226722919,7.293471926256523,0.4509359224405899,9.474386580224484,0.0010874325336761744,2584,919.5972798601124,0.026018615840028632,2599.373705376065,245367.51574558057,1842869.1268054778,1.0821975322633658e-06,3.2724825386551336e-16,1.0821975322633658e-06,0.15789933569883027,741.2309010414174,1e-05,7.26468602064419e-06,0.726468602064419,True,Z_linear_reducibility_proxy,strong_pre_interval_candidate,5,artifacts/proof_audit/theorem_iii_trackb/phase4i_selected_seed/K0p9716350000_M8192_H1_SELECTED.npz
0.971635,8192,4,32768,1.002,frac:0.98,4013,0.5,1.6712770139169775e-09,2.0148550871131545e-05,0.0001717048746847638,0.0001717048746847638,1.4650834088702989,-0.23879527226722919,7.293471926256523,0.4509359224405899,9.474386580224484,0.0010874325336761744,2584,919.5972798601124,0.026018615840028632,2599.373705376065,245569.96685676556,1845785.436463025,1.081203192540338e-06,3.2724825386551336e-16,1.081203192540338e-06,0.15789933569883027,741.2309010414174,1e-05,7.265680360367218e-06,0.7265680360367217,True,Z_linear_reducibility_proxy,strong_pre_interval_candidate,5,artifacts/proof_audit/theorem_iii_trackb/phase4i_selected_seed/K0p9716350000_M8192_H1_SELECTED.npz
0.971635,8192,4,32768,1.002,frac:0.98,4013,0.75,1.6712770139169775e-09,2.0148550871131545e-05,0.0001717048746847638,0.0001717048746847638,1.4650834088702989,-0.23879527226722919,7.293471926256523,0.4509359224405899,9.474386580224484,0.0010874325336761744,2584,919.5972798601124,0.026018615840028632,2599.373705376065,245569.96685676556,1845785.436463025,1.081203192540338e-06,3.2724825386551336e-16,1.081203192540338e-06,0.15789933569883027,741.2309010414174,1e-05,7.265680360367218e-06,0.7265680360367217,True,Z_linear_reducibility_proxy,strong_pre_interval_candidate,5,artifacts/proof_audit/theorem_iii_trackb/phase4i_selected_seed/K0p9716350000_M8192_H1_SELECTED.npz
0.971635,8192,4,32768,1.002,frac:0.98,4013,0.9,1.6712770139169775e-09,2.0148550871131545e-05,0.0001717048746847638,0.0001717048746847638,1.4650834088702989,-0.23879527226722919,7.293471926256523,0.4509359224405899,9.474386580224484,0.0010874325336761744,2584,919.5972798601124,0.026018615840028632,2599.373705376065,245569.96685676556,1845785.436463025,1.081203192540338e-06,3.2724825386551336e-16,1.081203192540338e-06,0.15789933569883027,741.2309010414174,1e-05,7.265680360367218e-06,0.7265680360367217,True,Z_linear_reducibility_proxy,strong_pre_interval_candidate,5,artifacts/proof_audit/theorem_iii_trackb/phase4i_selected_seed/K0p9716350000_M8192_H1_SELECTED.npz
0.971635,8192,4,32768,1.002,frac:0.95,3890,0.5,1.6712770139169775e-09,2.0148550871131545e-05,0.0001717048746847638,0.0001717048746847638,1.4650834088702989,-0.23879527226722919,7.293471926256523,0.4509359224405899,9.474386580224484,0.0010874325336761744,2584,919.5972798601124,0.026018615840028632,2599.373705376065,245840.58550622468,1849605.5049691908,1.0800979324849392e-06,3.2724825386551336e-16,1.0800979324849392e-06,0.15789933569883027,741.2309010414174,1e-05,7.2667856204226165e-06,0.7266785620422616,True,Z_linear_reducibility_proxy,strong_pre_interval_candidate,5,artifacts/proof_audit/theorem_iii_trackb/phase4i_selected_seed/K0p9716350000_M8192_H1_SELECTED.npz
0.971635,8192,4,32768,1.002,frac:0.95,3890,0.75,1.6712770139169775e-09,2.0148550871131545e-05,0.0001717048746847638,0.0001717048746847638,1.4650834088702989,-0.23879527226722919,7.293471926256523,0.4509359224405899,9.474386580224484,0.0010874325336761744,2584,919.5972798601124,0.026018615840028632,2599.373705376065,245840.58550622468,1849605.5049691908,1.0800979324849392e-06,3.2724825386551336e-16,1.0800979324849392e-06,0.15789933569883027,741.2309010414174,1e-05,7.2667856204226165e-06,0.7266785620422616,True,Z_linear_reducibility_proxy,strong_pre_interval_candidate,5,artifacts/proof_audit/theorem_iii_trackb/phase4i_selected_seed/K0p9716350000_M8192_H1_SELECTED.npz
0.971635,8192,4,32768,1.002,frac:0.95,3890,0.9,1.6712770139169775e-09,2.0148550871131545e-05,0.0001717048746847638,0.0001717048746847638,1.4650834088702989,-0.23879527226722919,7.293471926256523,0.4509359224405899,9.474386580224484,0.0010874325336761744,2584,919.5972798601124,0.026018615840028632,2599.373705376065,245840.58550622468,1849605.5049691908,1.0800979324849392e-06,3.2724825386551336e-16,1.0800979324849392e-06,0.15789933569883027,741.2309010414174,1e-05,7.2667856204226165e-06,0.7266785620422616,True,Z_linear_reducibility_proxy,strong_pre_interval_candidate,5,artifacts/proof_audit/theorem_iii_trackb/phase4i_selected_seed/K0p9716350000_M8192_H1_SELECTED.npz
0.971635,8192,4,32768,1.002,frac:0.90,3685,0.5,1.6712770139169775e-09,2.0148550871131545e-05,0.0001717048746847638,0.0001717048746847638,1.4650834088702989,-0.23879527226722919,7.293471926256523,0.4509359224405899,9.474386580224484,0.0010874325336761744,2584,919.5972798601124,0.026018615840028632,2599.373705376065,246066.37724140717,1852656.988951744,1.0794246557553162e-06,3.2724825386551336e-16,1.0794246557553162e-06,0.15789933569883027,741.2309010414174,1e-05,7.26745889715224e-06,0.726745889715224,True,Z_linear_reducibility_proxy,strong_pre_interval_candidate,5,artifacts/proof_audit/theorem_iii_trackb/phase4i_selected_seed/K0p9716350000_M8192_H1_SELECTED.npz
0.971635,8192,4,32768,1.002,frac:0.90,3685,0.75,1.6712770139169775e-09,2.0148550871131545e-05,0.0001717048746847638,0.0001717048746847638,1.4650834088702989,-0.23879527226722919,7.293471926256523,0.4509359224405899,9.474386580224484,0.0010874325336761744,2584,919.5972798601124,0.026018615840028632,2599.373705376065,246066.37724140717,1852656.988951744,1.0794246557553162e-06,3.2724825386551336e-16,1.0794246557553162e-06,0.15789933569883027,741.2309010414174,1e-05,7.26745889715224e-06,0.726745889715224,True,Z_linear_reducibility_proxy,strong_pre_interval_candidate,5,artifacts/proof_audit/theorem_iii_trackb/phase4i_selected_seed/K0p9716350000_M8192_H1_SELECTED.npz
0.971635,8192,4,32768,1.002,frac:0.90,3685,0.9,1.6712770139169775e-09,2.0148550871131545e-05,0.0001717048746847638,0.0001717048746847638,1.4650834088702989,-0.23879527226722919,7.293471926256523,0.4509359224405899,9.474386580224484,0.0010874325336761744,2584,919.5972798601124,0.026018615840028632,2599.373705376065,246066.37724140717,1852656.988951744,1.0794246557553162e-06,3.2724825386551336e-16,1.0794246557553162e-06,0.15789933569883027,741.2309010414174,1e-05,7.26745889715224e-06,0.726745889715224,True,Z_linear_reducibility_proxy,strong_pre_interval_candidate,5,artifacts/proof_audit/theorem_iii_trackb/phase4i_selected_seed/K0p9716350000_M8192_H1_SELECTED.npz
0.971635,8192,4,32768,1.003,full,4095,0.5,1.6712770139169775e-09,2.0148550871131545e-05,0.0001717048746847638,0.0001717048746847638,1.4650834088702989,-0.23879527226722919,7.293471926256523,0.4509359224405899,9.474386580224484,0.0010874325336761744,2584,919.5972798601124,221257.76891491556,22338843275.873165,226123938733.00076,1537416223474.6013,1.0618217195475607e-05,3.2724825386551336e-16,1.0618217195475607e-05,0.15789933569883027,741.2309010414174,1e-05,-2.2713336425680504e-06,-0.22713336425680503,False,observed_tail_l1_nu,strong_pre_interval_candidate,5,artifacts/proof_audit/theorem_iii_trackb/phase4i_selected_seed/K0p9716350000_M8192_H1_SELECTED.npz
0.971635,8192,4,32768,1.003,full,4095,0.75,1.6712770139169775e-09,2.0148550871131545e-05,0.0001717048746847638,0.0001717048746847638,1.4650834088702989,-0.23879527226722919,7.293471926256523,0.4509359224405899,9.474386580224484,0.0010874325336761744,2584,919.5972798601124,221257.76891491556,22338843275.873165,226123938733.00076,1537416223474.6013,1.0618217195475607e-05,3.2724825386551336e-16,1.0618217195475607e-05,0.15789933569883027,741.2309010414174,1e-05,-2.2713336425680504e-06,-0.22713336425680503,False,observed_tail_l1_nu,strong_pre_interval_candidate,5,artifacts/proof_audit/theorem_iii_trackb/phase4i_selected_seed/K0p9716350000_M8192_H1_SELECTED.npz
0.971635,8192,4,32768,1.003,full,4095,0.9,1.6712770139169775e-09,2.0148550871131545e-05,0.0001717048746847638,0.0001717048746847638,1.4650834088702989,-0.23879527226722919,7.293471926256523,0.4509359224405899,9.474386580224484,0.0010874325336761744,2584,919.5972798601124,221257.76891491556,22338843275.873165,226123938733.00076,1537416223474.6013,1.0618217195475607e-05,3.2724825386551336e-16,1.0618217195475607e-05,0.15789933569883027,741.2309010414174,1e-05,-2.2713336425680504e-06,-0.22713336425680503,False,observed_tail_l1_nu,strong_pre_interval_candidate,5,artifacts/proof_audit/theorem_iii_trackb/phase4i_selected_seed/K0p9716350000_M8192_H1_SELECTED.npz
0.971635,8192,4,32768,1.003,frac:0.98,4013,0.5,1.6712770139169775e-09,2.0148550871131545e-05,0.0001717048746847638,0.0001717048746847638,1.4650834088702989,-0.23879527226722919,7.293471926256523,0.4509359224405899,9.474386580224484,0.0010874325336761744,2584,919.5972798601124,221257.76891491556,22338843275.873165,227286521593.9971,1551037987479.2642,1.0561460220155905e-05,3.2724825386551336e-16,1.0561460220155905e-05,0.15789933569883027,741.2309010414174,1e-05,-2.2145766672483493e-06,-0.2214576667248349,False,observed_tail_l1_nu,strong_pre_interval_candidate,5,artifacts/proof_audit/theorem_iii_trackb/phase4i_selected_seed/K0p9716350000_M8192_H1_SELECTED.npz
0.971635,8192,4,32768,1.003,frac:0.98,4013,0.75,1.6712770139169775e-09,2.0148550871131545e-05,0.0001717048746847638,0.0001717048746847638,1.4650834088702989,-0.23879527226722919,7.293471926256523,0.4509359224405899,9.474386580224484,0.0010874325336761744,2584,919.5972798601124,221257.76891491556,22338843275.873165,227286521593.9971,1551037987479.2642,1.0561460220155905e-05,3.2724825386551336e-16,1.0561460220155905e-05,0.15789933569883027,741.2309010414174,1e-05,-2.2145766672483493e-06,-0.2214576667248349,False,observed_tail_l1_nu,strong_pre_interval_candidate,5,artifacts/proof_audit/theorem_iii_trackb/phase4i_selected_seed/K0p9716350000_M8192_H1_SELECTED.npz
0.971635,8192,4,32768,1.003,frac:0.98,4013,0.9,1.6712770139169775e-09,2.0148550871131545e-05,0.0001717048746847638,0.0001717048746847638,1.4650834088702989,-0.23879527226722919,7.293471926256523,0.4509359224405899,9.474386580224484,0.0010874325336761744,2584,919.5972798601124,221257.76891491556,22338843275.873165,227286521593.9971,1551037987479.2642,1.0561460220155905e-05,3.2724825386551336e-16,1.0561460220155905e-05,0.15789933569883027,741.2309010414174,1e-05,-2.2145766672483493e-06,-0.2214576667248349,False,observed_tail_l1_nu,strong_pre_interval_candidate,5,artifacts/proof_audit/theorem_iii_trackb/phase4i_selected_seed/K0p9716350000_M8192_H1_SELECTED.npz
0.971635,8192,4,32768,1.003,frac:0.95,3890,0.5,1.6712770139169775e-09,2.0148550871131545e-05,0.0001717048746847638,0.0001717048746847638,1.4650834088702989,-0.23879527226722919,7.293471926256523,0.4509359224405899,9.474386580224484,0.0010874325336761744,2584,919.5972798601124,221257.76891491556,22338843275.873165,228723615403.79184,1567645258078.7412,1.0503949777769244e-05,3.2724825386551336e-16,1.0503949777769244e-05,0.15789933569883027,741.2309010414174,1e-05,-2.157066224861688e-06,-0.21570662248616876,False,observed_tail_l1_nu,strong_pre_interval_candidate,5,artifacts/proof_audit/theorem_iii_trackb/phase4i_selected_seed/K0p9716350000_M8192_H1_SELECTED.npz
0.971635,8192,4,32768,1.003,frac:0.95,3890,0.75,1.6712770139169775e-09,2.0148550871131545e-05,0.0001717048746847638,0.0001717048746847638,1.4650834088702989,-0.23879527226722919,7.293471926256523,0.4509359224405899,9.474386580224484,0.0010874325336761744,2584,919.5972798601124,221257.76891491556,22338843275.873165,228723615403.79184,1567645258078.7412,1.0503949777769244e-05,3.2724825386551336e-16,1.0503949777769244e-05,0.15789933569883027,741.2309010414174,1e-05,-2.157066224861688e-06,-0.21570662248616876,False,observed_tail_l1_nu,strong_pre_interval_candidate,5,artifacts/proof_audit/theorem_iii_trackb/phase4i_selected_seed/K0p9716350000_M8192_H1_SELECTED.npz
0.971635,8192,4,32768,1.003,frac:0.95,3890,0.9,1.6712770139169775e-09,2.0148550871131545e-05,0.0001717048746847638,0.0001717048746847638,1.4650834088702989,-0.23879527226722919,7.293471926256523,0.4509359224405899,9.474386580224484,0.0010874325336761744,2584,919.5972798601124,221257.76891491556,22338843275.873165,228723615403.79184,1567645258078.7412,1.0503949777769244e-05,3.2724825386551336e-16,1.0503949777769244e-05,0.15789933569883027,741.2309010414174,1e-05,-2.157066224861688e-06,-0.21570662248616876,False,observed_tail_l1_nu,strong_pre_interval_candidate,5,artifacts/proof_audit/theorem_iii_trackb/phase4i_selected_seed/K0p9716350000_M8192_H1_SELECTED.npz
0.971635,8192,4,32768,1.003,frac:0.90,3685,0.5,1.6712770139169775e-09,2.0148550871131545e-05,0.0001717048746847638,0.0001717048746847638,1.4650834088702989,-0.23879527226722919,7.293471926256523,0.4509359224405899,9.474386580224484,0.0010874325336761744,2584,919.5972798601124,221257.76891491556,22338843275.873165,229740099419.73492,1578959836027.3718,1.0474036483169914e-05,3.2724825386551336e-16,1.0474036483169914e-05,0.15789933569883027,741.2309010414174,1e-05,-2.127152930262358e-06,-0.2127152930262358,False,observed_tail_l1_nu,strong_pre_interval_candidate,5,artifacts/proof_audit/theorem_iii_trackb/phase4i_selected_seed/K0p9716350000_M8192_H1_SELECTED.npz
0.971635,8192,4,32768,1.003,frac:0.90,3685,0.75,1.6712770139169775e-09,2.0148550871131545e-05,0.0001717048746847638,0.0001717048746847638,1.4650834088702989,-0.23879527226722919,7.293471926256523,0.4509359224405899,9.474386580224484,0.0010874325336761744,2584,919.5972798601124,221257.76891491556,22338843275.873165,229740099419.73492,1578959836027.3718,1.0474036483169914e-05,3.2724825386551336e-16,1.0474036483169914e-05,0.15789933569883027,741.2309010414174,1e-05,-2.127152930262358e-06,-0.2127152930262358,False,observed_tail_l1_nu,strong_pre_interval_candidate,5,artifacts/proof_audit/theorem_iii_trackb/phase4i_selected_seed/K0p9716350000_M8192_H1_SELECTED.npz
0.971635,8192,4,32768,1.003,frac:0.90,3685,0.9,1.6712770139169775e-09,2.0148550871131545e-05,0.0001717048746847638,0.0001717048746847638,1.4650834088702989,-0.23879527226722919,7.293471926256523,0.4509359224405899,9.474386580224484,0.0010874325336761744,2584,919.5972798601124,221257.76891491556,22338843275.873165,229740099419.73492,1578959836027.3718,1.0474036483169914e-05,3.2724825386551336e-16,1.0474036483169914e-05,0.15789933569883027,741.2309010414174,1e-05,-2.127152930262358e-06,-0.2127152930262358,False,observed_tail_l1_nu,strong_pre_interval_candidate,5,artifacts/proof_audit/theorem_iii_trackb/phase4i_selected_seed/K0p9716350000_M8192_H1_SELECTED.npz
0.971635,8192,2,16384,1.001,full,4095,0.5,1.6712769896308488e-09,2.014855403222574e-05,0.00017170488075635149,0.00017170488075635149,1.4650834088702998,-0.23643265738371033,7.293471926248529,0.45093592244050745,9.474386580223767,0.0010874325336761744,2584,919.5972798601124,1.3839036883371882e-08,0.0001725216442446579,0.002629667576936468,0.005941225943732728,1.3669990650021814e-07,3.2727305927237574e-16,1.3669990650021814e-07,0.15789934128224578,741.2309010413076,1e-05,8.210183590573194e-06,0.8210183590573193,True,Z_linear_reducibility_proxy,strong_pre_interval_candidate,5,artifacts/proof_audit/theorem_iii_trackb/phase4i_selected_seed/K0p9716350000_M8192_H1_SELECTED.npz
0.971635,8192,2,16384,1.001,full,4095,0.75,1.6712769896308488e-09,2.014855403222574e-05,0.00017170488075635149,0.00017170488075635149,1.4650834088702998,-0.23643265738371033,7.293471926248529,0.45093592244050745,9.474386580223767,0.0010874325336761744,2584,919.5972798601124,1.3839036883371882e-08,0.0001725216442446579,0.002629667576936468,0.005941225943732728,1.3669990650021814e-07,3.2727305927237574e-16,1.3669990650021814e-07,0.15789934128224578,741.2309010413076,1e-05,8.210183590573194e-06,0.8210183590573193,True,Z_linear_reducibility_proxy,strong_pre_interval_candidate,5,artifacts/proof_audit/theorem_iii_trackb/phase4i_selected_seed/K0p9716350000_M8192_H1_SELECTED.npz
0.971635,8192,2,16384,1.001,full,4095,0.9,1.6712769896308488e-09,2.014855403222574e-05,0.00017170488075635149,0.00017170488075635149,1.4650834088702998,-0.23643265738371033,7.293471926248529,0.45093592244050745,9.474386580223767,0.0010874325336761744,2584,919.5972798601124,1.3839036883371882e-08,0.0001725216442446579,0.002629667576936468,0.005941225943732728,1.3669990650021814e-07,3.2727305927237574e-16,1.3669990650021814e-07,0.15789934128224578,741.2309010413076,1e-05,8.210183590573194e-06,0.8210183590573193,True,Z_linear_reducibility_proxy,strong_pre_interval_candidate,5,artifacts/proof_audit/theorem_iii_trackb/phase4i_selected_seed/K0p9716350000_M8192_H1_SELECTED.npz
0.971635,8192,2,16384,1.001,frac:0.98,4013,0.5,1.6712769896308488e-09,2.014855403222574e-05,0.00017170488075635149,0.00017170488075635149,1.4650834088702998,-0.23643265738371033,7.293471926248529,0.45093592244050745,9.474386580223767,0.0010874325336761744,2584,919.5972798601124,1.3839036883371882e-08,0.0001725216442446579,0.002740217146156968,0.0061687835971868535,1.3668254667255094e-07,3.2727305927237574e-16,1.3668254667255094e-07,0.15789934128224578,741.2309010413076,1e-05,8.210200950400862e-06,0.8210200950400861,True,Z_linear_reducibility_proxy,strong_pre_interval_candidate,5,artifacts/proof_audit/theorem_iii_trackb/phase4i_selected_seed/K0p9716350000_M8192_H1_SELECTED.npz
0.971635,8192,2,16384,1.001,frac:0.98,4013,0.75,1.6712769896308488e-09,2.014855403222574e-05,0.00017170488075635149,0.00017170488075635149,1.4650834088702998,-0.23643265738371033,7.293471926248529,0.45093592244050745,9.474386580223767,0.0010874325336761744,2584,919.5972798601124,1.3839036883371882e-08,0.0001725216442446579,0.002740217146156968,0.0061687835971868535,1.3668254667255094e-07,3.2727305927237574e-16,1.3668254667255094e-07,0.15789934128224578,741.2309010413076,1e-05,8.210200950400862e-06,0.8210200950400861,True,Z_linear_reducibility_proxy,strong_pre_interval_candidate,5,artifacts/proof_audit/theorem_iii_trackb/phase4i_selected_seed/K0p9716350000_M8192_H1_SELECTED.npz
0.971635,8192,2,16384,1.001,frac:0.98,4013,0.9,1.6712769896308488e-09,2.014855403222574e-05,0.00017170488075635149,0.00017170488075635149,1.4650834088702998,-0.23643265738371033,7.293471926248529,0.45093592244050745,9.474386580223767,0.0010874325336761744,2584,919.5972798601124,1.3839036883371882e-08,0.0001725216442446579,0.002740217146156968,0.0061687835971868535,1.3668254667255094e-07,3.2727305927237574e-16,1.3668254667255094e-07,0.15789934128224578,741.2309010413076,1e-05,8.210200950400862e-06,0.8210200950400861,True,Z_linear_reducibility_proxy,strong_pre_interval_candidate,5,artifacts/proof_audit/theorem_iii_trackb/phase4i_selected_seed/K0p9716350000_M8192_H1_SELECTED.npz
0.971635,8192,2,16384,1.001,frac:0.95,3890,0.5,1.6712769896308488e-09,2.014855403222574e-05,0.00017170488075635149,0.00017170488075635149,1.4650834088702998,-0.23643265738371033,7.293471926248529,0.45093592244050745,9.474386580223767,0.0010874325336761744,2584,919.5972798601124,1.3839036883371882e-08,0.0001725216442446579,0.0029013607210656156,0.006493314719154486,1.366613646907156e-07,3.2727305927237574e-16,1.366613646907156e-07,0.15789934128224578,741.2309010413076,1e-05,8.210222132382696e-06,0.8210222132382695,True,Z_linear_reducibility_proxy,strong_pre_interval_candidate,5,artifacts/proof_audit/theorem_iii_trackb/phase4i_selected_seed/K0p9716350000_M8192_H1_SELECTED.npz
0.971635,8192,2,16384,1.001,frac:0.95,3890,0.75,1.6712769896308488e-09,2.014855403222574e-05,0.00017170488075635149,0.00017170488075635149,1.4650834088702998,-0.23643265738371033,7.293471926248529,0.45093592244050745,9.474386580223767,0.0010874325336761744,2584,919.5972798601124,1.3839036883371882e-08,0.0001725216442446579,0.0029013607210656156,0.006493314719154486,1.366613646907156e-07,3.2727305927237574e-16,1.366613646907156e-07,0.15789934128224578,741.2309010413076,1e-05,8.210222132382696e-06,0.8210222132382695,True,Z_linear_reducibility_proxy,strong_pre_interval_candidate,5,artifacts/proof_audit/theorem_iii_trackb/phase4i_selected_seed/K0p9716350000_M8192_H1_SELECTED.npz
0.971635,8192,2,16384,1.001,frac:0.95,3890,0.9,1.6712769896308488e-09,2.014855403222574e-05,0.00017170488075635149,0.00017170488075635149,1.4650834088702998,-0.23643265738371033,7.293471926248529,0.45093592244050745,9.474386580223767,0.0010874325336761744,2584,919.5972798601124,1.3839036883371882e-08,0.0001725216442446579,0.0029013607210656156,0.006493314719154486,1.366613646907156e-07,3.2727305927237574e-16,1.366613646907156e-07,0.15789934128224578,741.2309010413076,1e-05,8.210222132382696e-06,0.8210222132382695,True,Z_linear_reducibility_proxy,strong_pre_interval_candidate,5,artifacts/proof_audit/theorem_iii_trackb/phase4i_selected_seed/K0p9716350000_M8192_H1_SELECTED.npz
0.971635,8192,2,16384,1.001,frac:0.90,3685,0.5,1.6712769896308488e-09,2.014855403222574e-05,0.00017170488075635149,0.00017170488075635149,1.4650834088702998,-0.23643265738371033,7.293471926248529,0.45093592244050745,9.474386580223767,0.0010874325336761744,2584,919.5972798601124,1.3839036883371882e-08,0.0001725216442446579,0.0030615148455493436,0.006801476777991424,1.3664622231962902e-07,3.2727305927237574e-16,1.3664622231962902e-07,0.15789934128224578,741.2309010413076,1e-05,8.210237274753784e-06,0.8210237274753783,True,Z_linear_reducibility_proxy,strong_pre_interval_candidate,5,artifacts/proof_audit/theorem_iii_trackb/phase4i_selected_seed/K0p9716350000_M8192_H1_SELECTED.npz
0.971635,8192,2,16384,1.001,frac:0.90,3685,0.75,1.6712769896308488e-09,2.014855403222574e-05,0.00017170488075635149,0.00017170488075635149,1.4650834088702998,-0.23643265738371033,7.293471926248529,0.45093592244050745,9.474386580223767,0.0010874325336761744,2584,919.5972798601124,1.3839036883371882e-08,0.0001725216442446579,0.0030615148455493436,0.006801476777991424,1.3664622231962902e-07,3.2727305927237574e-16,1.3664622231962902e-07,0.15789934128224578,741.2309010413076,1e-05,8.210237274753784e-06,0.8210237274753783,True,Z_linear_reducibility_proxy,strong_pre_interval_candidate,5,artifacts/proof_audit/theorem_iii_trackb/phase4i_selected_seed/K0p9716350000_M8192_H1_SELECTED.npz
0.971635,8192,2,16384,1.001,frac:0.90,3685,0.9,1.6712769896308488e-09,2.014855403222574e-05,0.00017170488075635149,0.00017170488075635149,1.4650834088702998,-0.23643265738371033,7.293471926248529,0.45093592244050745,9.474386580223767,0.0010874325336761744,2584,919.5972798601124,1.3839036883371882e-08,0.0001725216442446579,0.0030615148455493436,0.006801476777991424,1.3664622231962902e-07,3.2727305927237574e-16,1.3664622231962902e-07,0.15789934128224578,741.2309010413076,1e-05,8.210237274753784e-06,0.8210237274753783,True,Z_linear_reducibility_proxy,strong_pre_interval_candidate,5,artifacts/proof_audit/theorem_iii_trackb/phase4i_selected_seed/K0p9716350000_M8192_H1_SELECTED.npz
0.971635,8192,2,16384,1.002,full,4095,0.5,1.6712769896308488e-09,2.014855403222574e-05,0.00017170488075635149,0.00017170488075635149,1.4650834088702998,-0.23643265738371033,7.293471926248529,0.45093592244050745,9.474386580223767,0.0010874325336761744,2584,919.5972798601124,1.1162117025193155e-07,0.0016238139991246946,0.05264310980511126,0.15123020280973018,1.0821977486428966e-06,3.2727305927237574e-16,1.0821977486428966e-06,0.15789934128224578,741.2309010413076,1e-05,7.264685748430515e-06,0.7264685748430515,True,Z_linear_reducibility_proxy,strong_pre_interval_candidate,5,artifacts/proof_audit/theorem_iii_trackb/phase4i_selected_seed/K0p9716350000_M8192_H1_SELECTED.npz
0.971635,8192,2,16384,1.002,full,4095,0.75,1.6712769896308488e-09,2.014855403222574e-05,0.00017170488075635149,0.00017170488075635149,1.4650834088702998,-0.23643265738371033,7.293471926248529,0.45093592244050745,9.474386580223767,0.0010874325336761744,2584,919.5972798601124,1.1162117025193155e-07,0.0016238139991246946,0.05264310980511126,0.15123020280973018,1.0821977486428966e-06,3.2727305927237574e-16,1.0821977486428966e-06,0.15789934128224578,741.2309010413076,1e-05,7.264685748430515e-06,0.7264685748430515,True,Z_linear_reducibility_proxy,strong_pre_interval_candidate,5,artifacts/proof_audit/theorem_iii_trackb/phase4i_selected_seed/K0p9716350000_M8192_H1_SELECTED.npz
0.971635,8192,2,16384,1.002,full,4095,0.9,1.6712769896308488e-09,2.014855403222574e-05,0.00017170488075635149,0.00017170488075635149,1.4650834088702998,-0.23643265738371033,7.293471926248529,0.45093592244050745,9.474386580223767,0.0010874325336761744,2584,919.5972798601124,1.1162117025193155e-07,0.0016238139991246946,0.05264310980511126,0.15123020280973018,1.0821977486428966e-06,3.2727305927237574e-16,1.0821977486428966e-06,0.15789934128224578,741.2309010413076,1e-05,7.264685748430515e-06,0.7264685748430515,True,Z_linear_reducibility_proxy,strong_pre_interval_candidate,5,artifacts/proof_audit/theorem_iii_trackb/phase4i_selected_seed/K0p9716350000_M8192_H1_SELECTED.npz
0.971635,8192,2,16384,1.002,frac:0.98,4013,0.5,1.6712769896308488e-09,2.014855403222574e-05,0.00017170488075635149,0.00017170488075635149,1.4650834088702998,-0.23643265738371033,7.293471926248529,0.45093592244050745,9.474386580223767,0.0010874325336761744,2584,919.5972798601124,1.1162117025193155e-07,0.0016238139991246946,0.053511698128222825,0.15305213823462238,1.0812034151602736e-06,3.2727305927237574e-16,1.0812034151602736e-06,0.15789934128224578,741.2309010413076,1e-05,7.265680081913139e-06,0.7265680081913138,True,Z_linear_reducibility_proxy,strong_pre_interval_candidate,5,artifacts/proof_audit/theorem_iii_trackb/phase4i_selected_seed/K0p9716350000_M8192_H1_SELECTED.npz
0.971635,8192,2,16384,1.002,frac:0.98,4013,0.75,1.6712769896308488e-09,2.014855403222574e-05,0.00017170488075635149,0.00017170488075635149,1.4650834088702998,-0.23643265738371033,7.293471926248529,0.45093592244050745,9.474386580223767,0.0010874325336761744,2584,919.5972798601124,1.1162117025193155e-07,0.0016238139991246946,0.053511698128222825,0.15305213823462238,1.0812034151602736e-06,3.2727305927237574e-16,1.0812034151602736e-06,0.15789934128224578,741.2309010413076,1e-05,7.265680081913139e-06,0.7265680081913138,True,Z_linear_reducibility_proxy,strong_pre_interval_candidate,5,artifacts/proof_audit/theorem_iii_trackb/phase4i_selected_seed/K0p9716350000_M8192_H1_SELECTED.npz
0.971635,8192,2,16384,1.002,frac:0.98,4013,0.9,1.6712769896308488e-09,2.014855403222574e-05,0.00017170488075635149,0.00017170488075635149,1.4650834088702998,-0.23643265738371033,7.293471926248529,0.45093592244050745,9.474386580223767,0.0010874325336761744,2584,919.5972798601124,1.1162117025193155e-07,0.0016238139991246946,0.053511698128222825,0.15305213823462238,1.0812034151602736e-06,3.2727305927237574e-16,1.0812034151602736e-06,0.15789934128224578,741.2309010413076,1e-05,7.265680081913139e-06,0.7265680081913138,True,Z_linear_reducibility_proxy,strong_pre_interval_candidate,5,artifacts/proof_audit/theorem_iii_trackb/phase4i_selected_seed/K0p9716350000_M8192_H1_SELECTED.npz
0.971635,8192,2,16384,1.002,frac:0.95,3890,0.5,1.6712769896308488e-09,2.014855403222574e-05,0.00017170488075635149,0.00017170488075635149,1.4650834088702998,-0.23643265738371033,7.293471926248529,0.45093592244050745,9.474386580223767,0.0010874325336761744,2584,919.5972798601124,1.1162117025193155e-07,0.0016238139991246946,0.054672628727772565,0.15543843718615621,1.080098056781358e-06,3.2727305927237574e-16,1.080098056781358e-06,0.15789934128224578,741.2309010413076,1e-05,7.2667854402920546e-06,0.7266785440292054,True,Z_linear_reducibility_proxy,strong_pre_interval_candidate,5,artifacts/proof_audit/theorem_iii_trackb/phase4i_selected_seed/K0p9716350000_M8192_H1_SELECTED.npz
0.971635,8192,2,16384,1.002,frac:0.95,3890,0.75,1.6712769896308488e-09,2.014855403222574e-05,0.00017170488075635149,0.00017170488075635149,1.4650834088702998,-0.23643265738371033,7.293471926248529,0.45093592244050745,9.474386580223767,0.0010874325336761744,2584,919.5972798601124,1.1162117025193155e-07,0.0016238139991246946,0.054672628727772565,0.15543843718615621,1.080098056781358e-06,3.2727305927237574e-16,1.080098056781358e-06,0.15789934128224578,741.2309010413076,1e-05,7.2667854402920546e-06,0.7266785440292054,True,Z_linear_reducibility_proxy,strong_pre_interval_candidate,5,artifacts/proof_audit/theorem_iii_trackb/phase4i_selected_seed/K0p9716350000_M8192_H1_SELECTED.npz
0.971635,8192,2,16384,1.002,frac:0.95,3890,0.9,1.6712769896308488e-09,2.014855403222574e-05,0.00017170488075635149,0.00017170488075635149,1.4650834088702998,-0.23643265738371033,7.293471926248529,0.45093592244050745,9.474386580223767,0.0010874325336761744,2584,919.5972798601124,1.1162117025193155e-07,0.0016238139991246946,0.054672628727772565,0.15543843718615621,1.080098056781358e-06,3.2727305927237574e-16,1.080098056781358e-06,0.15789934128224578,741.2309010413076,1e-05,7.2667854402920546e-06,0.7266785440292054,True,Z_linear_reducibility_proxy,strong_pre_interval_candidate,5,artifacts/proof_audit/theorem_iii_trackb/phase4i_selected_seed/K0p9716350000_M8192_H1_SELECTED.npz
0.971635,8192,2,16384,1.002,frac:0.90,3685,0.5,1.6712769896308488e-09,2.014855403222574e-05,0.00017170488075635149,0.00017170488075635149,1.4650834088702998,-0.23643265738371033,7.293471926248529,0.45093592244050745,9.474386580223767,0.0010874325336761744,2584,919.5972798601124,1.1162117025193155e-07,0.0016238139991246946,0.05564136150866941,0.15734482918244327,1.0794246715141215e-06,3.2727305927237574e-16,1.0794246715141215e-06,0.15789934128224578,741.2309010413076,1e-05,7.267458825559291e-06,0.7267458825559291,True,Z_linear_reducibility_proxy,strong_pre_interval_candidate,5,artifacts/proof_audit/theorem_iii_trackb/phase4i_selected_seed/K0p9716350000_M8192_H1_SELECTED.npz
0.971635,8192,2,16384,1.002,frac:0.90,3685,0.75,1.6712769896308488e-09,2.014855403222574e-05,0.00017170488075635149,0.00017170488075635149,1.4650834088702998,-0.23643265738371033,7.293471926248529,0.45093592244050745,9.474386580223767,0.0010874325336761744,2584,919.5972798601124,1.1162117025193155e-07,0.0016238139991246946,0.05564136150866941,0.15734482918244327,1.0794246715141215e-06,3.2727305927237574e-16,1.0794246715141215e-06,0.15789934128224578,741.2309010413076,1e-05,7.267458825559291e-06,0.7267458825559291,True,Z_linear_reducibility_proxy,strong_pre_interval_candidate,5,artifacts/proof_audit/theorem_iii_trackb/phase4i_selected_seed/K0p9716350000_M8192_H1_SELECTED.npz
0.971635,8192,2,16384,1.002,frac:0.90,3685,0.9,1.6712769896308488e-09,2.014855403222574e-05,0.00017170488075635149,0.00017170488075635149,1.4650834088702998,-0.23643265738371033,7.293471926248529,0.45093592244050745,9.474386580223767,0.0010874325336761744,2584,919.5972798601124,1.1162117025193155e-07,0.0016238139991246946,0.05564136150866941,0.15734482918244327,1.0794246715141215e-06,3.2727305927237574e-16,1.0794246715141215e-06,0.15789934128224578,741.2309010413076,1e-05,7.267458825559291e-06,0.7267458825559291,True,Z_linear_reducibility_proxy,strong_pre_interval_candidate,5,artifacts/proof_audit/theorem_iii_trackb/phase4i_selected_seed/K0p9716350000_M8192_H1_SELECTED.npz
0.971635,8192,2,16384,1.003,full,4095,0.5,1.6712769896308488e-09,2.014855403222574e-05,0.00017170488075635149,0.00017170488075635149,1.4650834088702998,-0.23643265738371033,7.293471926248529,0.45093592244050745,9.474386580223767,0.0010874325336761744,2584,919.5972798601124,7.958592051847444e-06,0.35466900230397147,7.133621240047206,23.40919756671996,1.0618226255029868e-05,3.2727305927237574e-16,1.0618226255029868e-05,0.15789934128224578,741.2309010413076,1e-05,-2.271342757956455e-06,-0.22713427579564546,False,Z_linear_reducibility_proxy,strong_pre_interval_candidate,5,artifacts/proof_audit/theorem_iii_trackb/phase4i_selected_seed/K0p9716350000_M8192_H1_SELECTED.npz
0.971635,8192,2,16384,1.003,full,4095,0.75,1.6712769896308488e-09,2.014855403222574e-05,0.00017170488075635149,0.00017170488075635149,1.4650834088702998,-0.23643265738371033,7.293471926248529,0.45093592244050745,9.474386580223767,0.0010874325336761744,2584,919.5972798601124,7.958592051847444e-06,0.35466900230397147,7.133621240047206,23.40919756671996,1.0618226255029868e-05,3.2727305927237574e-16,1.0618226255029868e-05,0.15789934128224578,741.2309010413076,1e-05,-2.271342757956455e-06,-0.22713427579564546,False,Z_linear_reducibility_proxy,strong_pre_interval_candidate,5,artifacts/proof_audit/theorem_iii_trackb/phase4i_selected_seed/K0p9716350000_M8192_H1_SELECTED.npz
0.971635,8192,2,16384,1.003,full,4095,0.9,1.6712769896308488e-09,2.014855403222574e-05,0.00017170488075635149,0.00017170488075635149,1.4650834088702998,-0.23643265738371033,7.293471926248529,0.45093592244050745,9.474386580223767,0.0010874325336761744,2584,919.5972798601124,7.958592051847444e-06,0.35466900230397147,7.133621240047206,23.40919756671996,1.0618226255029868e-05,3.2727305927237574e-16,1.0618226255029868e-05,0.15789934128224578,741.2309010413076,1e-05,-2.271342757956455e-06,-0.22713427579564546,False,Z_linear_reducibility_proxy,strong_pre_interval_candidate,5,artifacts/proof_audit/theorem_iii_trackb/phase4i_selected_seed/K0p9716350000_M8192_H1_SELECTED.npz
0.971635,8192,2,16384,1.003,frac:0.98,4013,0.5,1.6712769896308488e-09,2.014855403222574e-05,0.00017170488075635149,0.00017170488075635149,1.4650834088702998,-0.23643265738371033,7.293471926248529,0.45093592244050745,9.474386580223767,0.0010874325336761744,2584,919.5972798601124,7.958592051847444e-06,0.35466900230397147,7.175442242460725,23.62548379688695,1.0561469567943217e-05,3.2727305927237574e-16,1.0561469567943217e-05,0.15789934128224578,741.2309010413076,1e-05,-2.214586070869804e-06,-0.2214586070869804,False,Z_linear_reducibility_proxy,strong_pre_interval_candidate,5,artifacts/proof_audit/theorem_iii_trackb/phase4i_selected_seed/K0p9716350000_M8192_H1_SELECTED.npz
0.971635,8192,2,16384,1.003,frac:0.98,4013,0.75,1.6712769896308488e-09,2.014855403222574e-05,0.00017170488075635149,0.00017170488075635149,1.4650834088702998,-0.23643265738371033,7.293471926248529,0.45093592244050745,9.474386580223767,0.0010874325336761744,2584,919.5972798601124,7.958592051847444e-06,0.35466900230397147,7.175442242460725,23.62548379688695,1.0561469567943217e-05,3.2727305927237574e-16,1.0561469567943217e-05,0.15789934128224578,741.2309010413076,1e-05,-2.214586070869804e-06,-0.2214586070869804,False,Z_linear_reducibility_proxy,strong_pre_interval_candidate,5,artifacts/proof_audit/theorem_iii_trackb/phase4i_selected_seed/K0p9716350000_M8192_H1_SELECTED.npz
0.971635,8192,2,16384,1.003,frac:0.98,4013,0.9,1.6712769896308488e-09,2.014855403222574e-05,0.00017170488075635149,0.00017170488075635149,1.4650834088702998,-0.23643265738371033,7.293471926248529,0.45093592244050745,9.474386580223767,0.0010874325336761744,2584,919.5972798601124,7.958592051847444e-06,0.35466900230397147,7.175442242460725,23.62548379688695,1.0561469567943217e-05,3.2727305927237574e-16,1.0561469567943217e-05,0.15789934128224578,741.2309010413076,1e-05,-2.214586070869804e-06,-0.2214586070869804,False,Z_linear_reducibility_proxy,strong_pre_interval_candidate,5,artifacts/proof_audit/theorem_iii_trackb/phase4i_selected_seed/K0p9716350000_M8192_H1_SELECTED.npz
0.971635,8192,2,16384,1.003,frac:0.95,3890,0.5,1.6712769896308488e-09,2.014855403222574e-05,0.00017170488075635149,0.00017170488075635149,1.4650834088702998,-0.23643265738371033,7.293471926248529,0.45093592244050745,9.474386580223767,0.0010874325336761744,2584,919.5972798601124,7.958592051847444e-06,0.35466900230397147,7.227132522204702,23.889145283384956,1.0503954051899224e-05,3.2727305927237574e-16,1.0503954051899224e-05,0.15789934128224578,741.2309010413076,1e-05,-2.157070554825811e-06,-0.2157070554825811,False,Z_linear_reducibility_proxy,strong_pre_interval_candidate,5,artifacts/proof_audit/theorem_iii_trackb/phase4i_selected_seed/K0p9716350000_M8192_H1_SELECTED.npz
0.971635,8192,2,16384,1.003,frac:0.95,3890,0.75,1.6712769896308488e-09,2.014855403222574e-05,0.00017170488075635149,0.00017170488075635149,1.4650834088702998,-0.23643265738371033,7.293471926248529,0.45093592244050745,9.474386580223767,0.0010874325336761744,2584,919.5972798601124,7.958592051847444e-06,0.35466900230397147,7.227132522204702,23.889145283384956,1.0503954051899224e-05,3.2727305927237574e-16,1.0503954051899224e-05,0.15789934128224578,741.2309010413076,1e-05,-2.157070554825811e-06,-0.2157070554825811,False,Z_linear_reducibility_proxy,strong_pre_interval_candidate,5,artifacts/proof_audit/theorem_iii_trackb/phase4i_selected_seed/K0p9716350000_M8192_H1_SELECTED.npz
0.971635,8192,2,16384,1.003,frac:0.95,3890,0.9,1.6712769896308488e-09,2.014855403222574e-05,0.00017170488075635149,0.00017170488075635149,1.4650834088702998,-0.23643265738371033,7.293471926248529,0.45093592244050745,9.474386580223767,0.0010874325336761744,2584,919.5972798601124,7.958592051847444e-06,0.35466900230397147,7.227132522204702,23.889145283384956,1.0503954051899224e-05,3.2727305927237574e-16,1.0503954051899224e-05,0.15789934128224578,741.2309010413076,1e-05,-2.157070554825811e-06,-0.2157070554825811,False,Z_linear_reducibility_proxy,strong_pre_interval_candidate,5,artifacts/proof_audit/theorem_iii_trackb/phase4i_selected_seed/K0p9716350000_M8192_H1_SELECTED.npz
0.971635,8192,2,16384,1.003,frac:0.90,3685,0.5,1.6712769896308488e-09,2.014855403222574e-05,0.00017170488075635149,0.00017170488075635149,1.4650834088702998,-0.23643265738371033,7.293471926248529,0.45093592244050745,9.474386580223767,0.0010874325336761744,2584,919.5972798601124,7.958592051847444e-06,0.35466900230397147,7.263698038007671,24.06879816645398,1.0474036033144282e-05,3.2727305927237574e-16,1.0474036033144282e-05,0.15789934128224578,741.2309010413076,1e-05,-2.12715253607087e-06,-0.21271525360708698,False,Z_linear_reducibility_proxy,strong_pre_interval_candidate,5,artifacts/proof_audit/theorem_iii_trackb/phase4i_selected_seed/K0p9716350000_M8192_H1_SELECTED.npz
0.971635,8192,2,16384,1.003,frac:0.90,3685,0.75,1.6712769896308488e-09,2.014855403222574e-05,0.00017170488075635149,0.00017170488075635149,1.4650834088702998,-0.23643265738371033,7.293471926248529,0.45093592244050745,9.474386580223767,0.0010874325336761744,2584,919.5972798601124,7.958592051847444e-06,0.35466900230397147,7.263698038007671,24.06879816645398,1.0474036033144282e-05,3.2727305927237574e-16,1.0474036033144282e-05,0.15789934128224578,741.2309010413076,1e-05,-2.12715253607087e-06,-0.21271525360708698,False,Z_linear_reducibility_proxy,strong_pre_interval_candidate,5,artifacts/proof_audit/theorem_iii_trackb/phase4i_selected_seed/K0p9716350000_M8192_H1_SELECTED.npz
0.971635,8192,2,16384,1.003,frac:0.90,3685,0.9,1.6712769896308488e-09,2.014855403222574e-05,0.00017170488075635149,0.00017170488075635149,1.4650834088702998,-0.23643265738371033,7.293471926248529,0.45093592244050745,9.474386580223767,0.0010874325336761744,2584,919.5972798601124,7.958592051847444e-06,0.35466900230397147,7.263698038007671,24.06879816645398,1.0474036033144282e-05,3.2727305927237574e-16,1.0474036033144282e-05,0.15789934128224578,741.2309010413076,1e-05,-2.12715253607087e-06,-0.21271525360708698,False,Z_linear_reducibility_proxy,strong_pre_interval_candidate,5,artifacts/proof_audit/theorem_iii_trackb/phase4i_selected_seed/K0p9716350000_M8192_H1_SELECTED.npz
0.971635,8192,1,8192,1.001,full,4095,0.5,1.6712769965697427e-09,2.0128268041654174e-05,0.00017170488124662597,0.00017170488124662597,1.4650834025710984,-0.23643265738322627,7.29347192624548,0.45093592244054653,9.474386580223456,0.0010874325336761744,2584,919.5972798601124,1.3817075382200175e-08,0.0001718617828774066,8.380056662929335e-09,1.7338981753758e-08,1.3669112188507185e-07,3.269680396629231e-16,1.3669112188507185e-07,0.15789934173310086,741.2309010412599,1e-05,8.210192370679795e-06,0.8210192370679794,True,Z_linear_reducibility_proxy,strong_pre_interval_candidate,5,artifacts/proof_audit/theorem_iii_trackb/phase4i_selected_seed/K0p9716350000_M8192_H1_SELECTED.npz
0.971635,8192,1,8192,1.001,full,4095,0.75,1.6712769965697427e-09,2.0128268041654174e-05,0.00017170488124662597,0.00017170488124662597,1.4650834025710984,-0.23643265738322627,7.29347192624548,0.45093592244054653,9.474386580223456,0.0010874325336761744,2584,919.5972798601124,1.3817075382200175e-08,0.0001718617828774066,8.380056662929335e-09,1.7338981753758e-08,1.3669112188507185e-07,3.269680396629231e-16,1.3669112188507185e-07,0.15789934173310086,741.2309010412599,1e-05,8.210192370679795e-06,0.8210192370679794,True,Z_linear_reducibility_proxy,strong_pre_interval_candidate,5,artifacts/proof_audit/theorem_iii_trackb/phase4i_selected_seed/K0p9716350000_M8192_H1_SELECTED.npz
0.971635,8192,1,8192,1.001,full,4095,0.9,1.6712769965697427e-09,2.0128268041654174e-05,0.00017170488124662597,0.00017170488124662597,1.4650834025710984,-0.23643265738322627,7.29347192624548,0.45093592244054653,9.474386580223456,0.0010874325336761744,2584,919.5972798601124,1.3817075382200175e-08,0.0001718617828774066,8.380056662929335e-09,1.7338981753758e-08,1.3669112188507185e-07,3.269680396629231e-16,1.3669112188507185e-07,0.15789934173310086,741.2309010412599,1e-05,8.210192370679795e-06,0.8210192370679794,True,Z_linear_reducibility_proxy,strong_pre_interval_candidate,5,artifacts/proof_audit/theorem_iii_trackb/phase4i_selected_seed/K0p9716350000_M8192_H1_SELECTED.npz
0.971635,8192,1,8192,1.001,frac:0.98,4013,0.5,1.6712769965697427e-09,2.0128268041654174e-05,0.00017170488124662597,0.00017170488124662597,1.4650834025710984,-0.23643265738322627,7.29347192624548,0.45093592244054653,9.474386580223456,0.0010874325336761744,2584,919.5972798601124,1.3817075382200175e-08,0.0001718617828774066,0.0005361489459818216,0.0010980535961797207,1.3667749748186212e-07,3.269680396629231e-16,1.3667749748186212e-07,0.15789934173310086,741.2309010412599,1e-05,8.210205995083004e-06,0.8210205995083003,True,Z_linear_reducibility_proxy,strong_pre_interval_candidate,5,artifacts/proof_audit/theorem_iii_trackb/phase4i_selected_seed/K0p9716350000_M8192_H1_SELECTED.npz
0.971635,8192,1,8192,1.001,frac:0.98,4013,0.75,1.6712769965697427e-09,2.0128268041654174e-05,0.00017170488124662597,0.00017170488124662597,1.4650834025710984,-0.23643265738322627,7.29347192624548,0.45093592244054653,9.474386580223456,0.0010874325336761744,2584,919.5972798601124,1.3817075382200175e-08,0.0001718617828774066,0.0005361489459818216,0.0010980535961797207,1.3667749748186212e-07,3.269680396629231e-16,1.3667749748186212e-07,0.15789934173310086,741.2309010412599,1e-05,8.210205995083004e-06,0.8210205995083003,True,Z_linear_reducibility_proxy,strong_pre_interval_candidate,5,artifacts/proof_audit/theorem_iii_trackb/phase4i_selected_seed/K0p9716350000_M8192_H1_SELECTED.npz
0.971635,8192,1,8192,1.001,frac:0.98,4013,0.9,1.6712769965697427e-09,2.0128268041654174e-05,0.00017170488124662597,0.00017170488124662597,1.4650834025710984,-0.23643265738322627,7.29347192624548,0.45093592244054653,9.474386580223456,0.0010874325336761744,2584,919.5972798601124,1.3817075382200175e-08,0.0001718617828774066,0.0005361489459818216,0.0010980535961797207,1.3667749748186212e-07,3.269680396629231e-16,1.3667749748186212e-07,0.15789934173310086,741.2309010412599,1e-05,8.210205995083004e-06,0.8210205995083003,True,Z_linear_reducibility_proxy,strong_pre_interval_candidate,5,artifacts/proof_audit/theorem_iii_trackb/phase4i_selected_seed/K0p9716350000_M8192_H1_SELECTED.npz
0.971635,8192,1,8192,1.001,frac:0.95,3890,0.5,1.6712769965697427e-09,2.0128268041654174e-05,0.00017170488124662597,0.00017170488124662597,1.4650834025710984,-0.23643265738322627,7.29347192624548,0.45093592244054653,9.474386580223456,0.0010874325336761744,2584,919.5972798601124,1.3817075382200175e-08,0.0001718617828774066,0.0011404420728639536,0.0023103055148052526,1.3665940041974665e-07,3.269680396629231e-16,1.3665940041974665e-07,0.15789934173310086,741.2309010412599,1e-05,8.21022409214512e-06,0.821022409214512,True,Z_linear_reducibility_proxy,strong_pre_interval_candidate,5,artifacts/proof_audit/theorem_iii_trackb/phase4i_selected_seed/K0p9716350000_M8192_H1_SELECTED.npz
0.971635,8192,1,8192,1.001,frac:0.95,3890,0.75,1.6712769965697427e-09,2.0128268041654174e-05,0.00017170488124662597,0.00017170488124662597,1.4650834025710984,-0.23643265738322627,7.29347192624548,0.45093592244054653,9.474386580223456,0.0010874325336761744,2584,919.5972798601124,1.3817075382200175e-08,0.0001718617828774066,0.0011404420728639536,0.0023103055148052526,1.3665940041974665e-07,3.269680396629231e-16,1.3665940041974665e-07,0.15789934173310086,741.2309010412599,1e-05,8.21022409214512e-06,0.821022409214512,True,Z_linear_reducibility_proxy,strong_pre_interval_candidate,5,artifacts/proof_audit/theorem_iii_trackb/phase4i_selected_seed/K0p9716350000_M8192_H1_SELECTED.npz
0.971635,8192,1,8192,1.001,frac:0.95,3890,0.9,1.6712769965697427e-09,2.0128268041654174e-05,0.00017170488124662597,0.00017170488124662597,1.4650834025710984,-0.23643265738322627,7.29347192624548,0.45093592244054653,9.474386580223456,0.0010874325336761744,2584,919.5972798601124,1.3817075382200175e-08,0.0001718617828774066,0.0011404420728639536,0.0023103055148052526,1.3665940041974665e-07,3.269680396629231e-16,1.3665940041974665e-07,0.15789934173310086,741.2309010412599,1e-05,8.21022409214512e-06,0.821022409214512,True,Z_linear_reducibility_proxy,strong_pre_interval_candidate,5,artifacts/proof_audit/theorem_iii_trackb/phase4i_selected_seed/K0p9716350000_M8192_H1_SELECTED.npz
0.971635,8192,1,8192,1.001,frac:0.90,3685,0.5,1.6712769965697427e-09,2.0128268041654174e-05,0.00017170488124662597,0.00017170488124662597,1.4650834025710984,-0.23643265738322627,7.29347192624548,0.45093592244054653,9.474386580223456,0.0010874325336761744,2584,919.5972798601124,1.3817075382200175e-08,0.0001718617828774066,0.001503050421060422,0.0030081326625561082,1.3664516717065876e-07,3.269680396629231e-16,1.3664516717065876e-07,0.15789934173310086,741.2309010412599,1e-05,8.210238325394207e-06,0.8210238325394207,True,Z_linear_reducibility_proxy,strong_pre_interval_candidate,5,artifacts/proof_audit/theorem_iii_trackb/phase4i_selected_seed/K0p9716350000_M8192_H1_SELECTED.npz
0.971635,8192,1,8192,1.001,frac:0.90,3685,0.75,1.6712769965697427e-09,2.0128268041654174e-05,0.00017170488124662597,0.00017170488124662597,1.4650834025710984,-0.23643265738322627,7.29347192624548,0.45093592244054653,9.474386580223456,0.0010874325336761744,2584,919.5972798601124,1.3817075382200175e-08,0.0001718617828774066,0.001503050421060422,0.0030081326625561082,1.3664516717065876e-07,3.269680396629231e-16,1.3664516717065876e-07,0.15789934173310086,741.2309010412599,1e-05,8.210238325394207e-06,0.8210238325394207,True,Z_linear_reducibility_proxy,strong_pre_interval_candidate,5,artifacts/proof_audit/theorem_iii_trackb/phase4i_selected_seed/K0p9716350000_M8192_H1_SELECTED.npz
0.971635,8192,1,8192,1.001,frac:0.90,3685,0.9,1.6712769965697427e-09,2.0128268041654174e-05,0.00017170488124662597,0.00017170488124662597,1.4650834025710984,-0.23643265738322627,7.29347192624548,0.45093592244054653,9.474386580223456,0.0010874325336761744,2584,919.5972798601124,1.3817075382200175e-08,0.0001718617828774066,0.001503050421060422,0.0030081326625561082,1.3664516717065876e-07,3.269680396629231e-16,1.3664516717065876e-07,0.15789934173310086,741.2309010412599,1e-05,8.210238325394207e-06,0.8210238325394207,True,Z_linear_reducibility_proxy,strong_pre_interval_candidate,5,artifacts/proof_audit/theorem_iii_trackb/phase4i_selected_seed/K0p9716350000_M8192_H1_SELECTED.npz
0.971635,8192,1,8192,1.002,full,4095,0.5,1.6712769965697427e-09,2.0128268041654174e-05,0.00017170488124662597,0.00017170488124662597,1.4650834025710984,-0.23643265738322627,7.29347192624548,0.45093592244054653,9.474386580223456,0.0010874325336761744,2584,919.5972798601124,1.0680686947157539e-07,0.0014297438433164818,6.475450043781144e-08,1.244946677380528e-07,1.0817510781480787e-06,3.269680396629231e-16,1.0817510781480787e-06,0.15789934173310086,741.2309010412599,1e-05,7.265132414416787e-06,0.7265132414416786,True,Z_linear_reducibility_proxy,strong_pre_interval_candidate,5,artifacts/proof_audit/theorem_iii_trackb/phase4i_selected_seed/K0p9716350000_M8192_H1_SELECTED.npz
0.971635,8192,1,8192,1.002,full,4095,0.75,1.6712769965697427e-09,2.0128268041654174e-05,0.00017170488124662597,0.00017170488124662597,1.4650834025710984,-0.23643265738322627,7.29347192624548,0.45093592244054653,9.474386580223456,0.0010874325336761744,2584,919.5972798601124,1.0680686947157539e-07,0.0014297438433164818,6.475450043781144e-08,1.244946677380528e-07,1.0817510781480787e-06,3.269680396629231e-16,1.0817510781480787e-06,0.15789934173310086,741.2309010412599,1e-05,7.265132414416787e-06,0.7265132414416786,True,Z_linear_reducibility_proxy,strong_pre_interval_candidate,5,artifacts/proof_audit/theorem_iii_trackb/phase4i_selected_seed/K0p9716350000_M8192_H1_SELECTED.npz
0.971635,8192,1,8192,1.002,full,4095,0.9,1.6712769965697427e-09,2.0128268041654174e-05,0.00017170488124662597,0.00017170488124662597,1.4650834025710984,-0.23643265738322627,7.29347192624548,0.45093592244054653,9.474386580223456,0.0010874325336761744,2584,919.5972798601124,1.0680686947157539e-07,0.0014297438433164818,6.475450043781144e-08,1.244946677380528e-07,1.0817510781480787e-06,3.269680396629231e-16,1.0817510781480787e-06,0.15789934173310086,741.2309010412599,1e-05,7.265132414416787e-06,0.7265132414416786,True,Z_linear_reducibility_proxy,strong_pre_interval_candidate,5,artifacts/proof_audit/theorem_iii_trackb/phase4i_selected_seed/K0p9716350000_M8192_H1_SELECTED.npz
0.971635,8192,1,8192,1.002,frac:0.98,4013,0.5,1.6712769965697427e-09,2.0128268041654174e-05,0.00017170488124662597,0.00017170488124662597,1.4650834025710984,-0.23643265738322627,7.29347192624548,0.45093592244054653,9.474386580223456,0.0010874325336761744,2584,919.5972798601124,1.0680686947157539e-07,0.0014297438433164818,0.003979867795451184,0.00759777312797784,1.080971048948165e-06,3.269680396629231e-16,1.080971048948165e-06,0.15789934173310086,741.2309010412599,1e-05,7.2659124436167015e-06,0.7265912443616701,True,Z_linear_reducibility_proxy,strong_pre_interval_candidate,5,artifacts/proof_audit/theorem_iii_trackb/phase4i_selected_seed/K0p9716350000_M8192_H1_SELECTED.npz
0.971635,8192,1,8192,1.002,frac:0.98,4013,0.75,1.6712769965697427e-09,2.0128268041654174e-05,0.00017170488124662597,0.00017170488124662597,1.4650834025710984,-0.23643265738322627,7.29347192624548,0.45093592244054653,9.474386580223456,0.0010874325336761744,2584,919.5972798601124,1.0680686947157539e-07,0.0014297438433164818,0.003979867795451184,0.00759777312797784,1.080971048948165e-06,3.269680396629231e-16,1.080971048948165e-06,0.15789934173310086,741.2309010412599,1e-05,7.2659124436167015e-06,0.7265912443616701,True,Z_linear_reducibility_proxy,strong_pre_interval_candidate,5,artifacts/proof_audit/theorem_iii_trackb/phase4i_selected_seed/K0p9716350000_M8192_H1_SELECTED.npz
0.971635,8192,1,8192,1.002,frac:0.98,4013,0.9,1.6712769965697427e-09,2.0128268041654174e-05,0.00017170488124662597,0.00017170488124662597,1.4650834025710984,-0.23643265738322627,7.29347192624548,0.45093592244054653,9.474386580223456,0.0010874325336761744,2584,919.5972798601124,1.0680686947157539e-07,0.0014297438433164818,0.003979867795451184,0.00759777312797784,1.080971048948165e-06,3.269680396629231e-16,1.080971048948165e-06,0.15789934173310086,741.2309010412599,1e-05,7.2659124436167015e-06,0.7265912443616701,True,Z_linear_reducibility_proxy,strong_pre_interval_candidate,5,artifacts/proof_audit/theorem_iii_trackb/phase4i_selected_seed/K0p9716350000_M8192_H1_SELECTED.npz
0.971635,8192,1,8192,1.002,frac:0.95,3890,0.5,1.6712769965697427e-09,2.0128268041654174e-05,0.00017170488124662597,0.00017170488124662597,1.4650834025710984,-0.23643265738322627,7.29347192624548,0.45093592244054653,9.474386580223456,0.0010874325336761744,2584,919.5972798601124,1.0680686947157539e-07,0.0014297438433164818,0.008119549054311635,0.015386651067329445,1.080023329854946e-06,3.269680396629231e-16,1.080023329854946e-06,0.15789934173310086,741.2309010412599,1e-05,7.26686016270992e-06,0.7266860162709919,True,Z_linear_reducibility_proxy,strong_pre_interval_candidate,5,artifacts/proof_audit/theorem_iii_trackb/phase4i_selected_seed/K0p9716350000_M8192_H1_SELECTED.npz
0.971635,8192,1,8192,1.002,frac:0.95,3890,0.75,1.6712769965697427e-09,2.0128268041654174e-05,0.00017170488124662597,0.00017170488124662597,1.4650834025710984,-0.23643265738322627,7.29347192624548,0.45093592244054653,9.474386580223456,0.0010874325336761744,2584,919.5972798601124,1.0680686947157539e-07,0.0014297438433164818,0.008119549054311635,0.015386651067329445,1.080023329854946e-06,3.269680396629231e-16,1.080023329854946e-06,0.15789934173310086,741.2309010412599,1e-05,7.26686016270992e-06,0.7266860162709919,True,Z_linear_reducibility_proxy,strong_pre_interval_candidate,5,artifacts/proof_audit/theorem_iii_trackb/phase4i_selected_seed/K0p9716350000_M8192_H1_SELECTED.npz
0.971635,8192,1,8192,1.002,frac:0.95,3890,0.9,1.6712769965697427e-09,2.0128268041654174e-05,0.00017170488124662597,0.00017170488124662597,1.4650834025710984,-0.23643265738322627,7.29347192624548,0.45093592244054653,9.474386580223456,0.0010874325336761744,2584,919.5972798601124,1.0680686947157539e-07,0.0014297438433164818,0.008119549054311635,0.015386651067329445,1.080023329854946e-06,3.269680396629231e-16,1.080023329854946e-06,0.15789934173310086,741.2309010412599,1e-05,7.26686016270992e-06,0.7266860162709919,True,Z_linear_reducibility_proxy,strong_pre_interval_candidate,5,artifacts/proof_audit/theorem_iii_trackb/phase4i_selected_seed/K0p9716350000_M8192_H1_SELECTED.npz
0.971635,8192,1,8192,1.002,frac:0.90,3685,0.5,1.6712769965697427e-09,2.0128268041654174e-05,0.00017170488124662597,0.00017170488124662597,1.4650834025710984,-0.23643265738322627,7.29347192624548,0.45093592244054653,9.474386580223456,0.0010874325336761744,2584,919.5972798601124,1.0680686947157539e-07,0.0014297438433164818,0.010240126701186283,0.019233207642595406,1.079393408535153e-06,3.269680396629231e-16,1.079393408535153e-06,0.15789934173310086,741.2309010412599,1e-05,7.2674900840297125e-06,0.7267490084029712,True,Z_linear_reducibility_proxy,strong_pre_interval_candidate,5,artifacts/proof_audit/theorem_iii_trackb/phase4i_selected_seed/K0p9716350000_M8192_H1_SELECTED.npz
0.971635,8192,1,8192,1.002,frac:0.90,3685,0.75,1.6712769965697427e-09,2.0128268041654174e-05,0.00017170488124662597,0.00017170488124662597,1.4650834025710984,-0.23643265738322627,7.29347192624548,0.45093592244054653,9.474386580223456,0.0010874325336761744,2584,919.5972798601124,1.0680686947157539e-07,0.0014297438433164818,0.010240126701186283,0.019233207642595406,1.079393408535153e-06,3.269680396629231e-16,1.079393408535153e-06,0.15789934173310086,741.2309010412599,1e-05,7.2674900840297125e-06,0.7267490084029712,True,Z_linear_reducibility_proxy,strong_pre_interval_candidate,5,artifacts/proof_audit/theorem_iii_trackb/phase4i_selected_seed/K0p9716350000_M8192_H1_SELECTED.npz
0.971635,8192,1,8192,1.002,frac:0.90,3685,0.9,1.6712769965697427e-09,2.0128268041654174e-05,0.00017170488124662597,0.00017170488124662597,1.4650834025710984,-0.23643265738322627,7.29347192624548,0.45093592244054653,9.474386580223456,0.0010874325336761744,2584,919.5972798601124,1.0680686947157539e-07,0.0014297438433164818,0.010240126701186283,0.019233207642595406,1.079393408535153e-06,3.269680396629231e-16,1.079393408535153e-06,0.15789934173310086,741.2309010412599,1e-05,7.2674900840297125e-06,0.7267490084029712,True,Z_linear_reducibility_proxy,strong_pre_interval_candidate,5,artifacts/proof_audit/theorem_iii_trackb/phase4i_selected_seed/K0p9716350000_M8192_H1_SELECTED.npz
0.971635,8192,1,8192,1.003,full,4095,0.5,1.6712769965697427e-09,2.0128268041654174e-05,0.00017170488124662597,0.00017170488124662597,1.4650834025710984,-0.23643265738322627,7.29347192624548,0.45093592244054653,9.474386580223456,0.0010874325336761744,2584,919.5972798601124,1.0195434452684773e-06,0.015559780513185418,4.03550428942496e-07,6.80518631879323e-07,1.0594979827397953e-05,3.269680396629231e-16,1.0594979827397953e-05,0.15789934173310086,741.2309010412599,1e-05,-2.2480963348330867e-06,-0.22480963348330865,False,Z_linear_reducibility_proxy,strong_pre_interval_candidate,5,artifacts/proof_audit/theorem_iii_trackb/phase4i_selected_seed/K0p9716350000_M8192_H1_SELECTED.npz
0.971635,8192,1,8192,1.003,full,4095,0.75,1.6712769965697427e-09,2.0128268041654174e-05,0.00017170488124662597,0.00017170488124662597,1.4650834025710984,-0.23643265738322627,7.29347192624548,0.45093592244054653,9.474386580223456,0.0010874325336761744,2584,919.5972798601124,1.0195434452684773e-06,0.015559780513185418,4.03550428942496e-07,6.80518631879323e-07,1.0594979827397953e-05,3.269680396629231e-16,1.0594979827397953e-05,0.15789934173310086,741.2309010412599,1e-05,-2.2480963348330867e-06,-0.22480963348330865,False,Z_linear_reducibility_proxy,strong_pre_interval_candidate,5,artifacts/proof_audit/theorem_iii_trackb/phase4i_selected_seed/K0p9716350000_M8192_H1_SELECTED.npz
0.971635,8192,1,8192,1.003,full,4095,0.9,1.6712769965697427e-09,2.0128268041654174e-05,0.00017170488124662597,0.00017170488124662597,1.4650834025710984,-0.23643265738322627,7.29347192624548,0.45093592244054653,9.474386580223456,0.0010874325336761744,2584,919.5972798601124,1.0195434452684773e-06,0.015559780513185418,4.03550428942496e-07,6.80518631879323e-07,1.0594979827397953e-05,3.269680396629231e-16,1.0594979827397953e-05,0.15789934173310086,741.2309010412599,1e-05,-2.2480963348330867e-06,-0.22480963348330865,False,Z_linear_reducibility_proxy,strong_pre_interval_candidate,5,artifacts/proof_audit/theorem_iii_trackb/phase4i_selected_seed/K0p9716350000_M8192_H1_SELECTED.npz
0.971635,8192,1,8192,1.003,frac:0.98,4013,0.5,1.6712769965697427e-09,2.0128268041654174e-05,0.00017170488124662597,0.00017170488124662597,1.4650834025710984,-0.23643265738322627,7.29347192624548,0.45093592244054653,9.474386580223456,0.0010874325336761744,2584,919.5972798601124,1.0195434452684773e-06,0.015559780513185418,0.024237624214782642,0.04111123152299373,1.0550477129583109e-05,3.269680396629231e-16,1.0550477129583109e-05,0.15789934173310086,741.2309010412599,1e-05,-2.2035936370182426e-06,-0.22035936370182424,False,Z_linear_reducibility_proxy,strong_pre_interval_candidate,5,artifacts/proof_audit/theorem_iii_trackb/phase4i_selected_seed/K0p9716350000_M8192_H1_SELECTED.npz
0.971635,8192,1,8192,1.003,frac:0.98,4013,0.75,1.6712769965697427e-09,2.0128268041654174e-05,0.00017170488124662597,0.00017170488124662597,1.4650834025710984,-0.23643265738322627,7.29347192624548,0.45093592244054653,9.474386580223456,0.0010874325336761744,2584,919.5972798601124,1.0195434452684773e-06,0.015559780513185418,0.024237624214782642,0.04111123152299373,1.0550477129583109e-05,3.269680396629231e-16,1.0550477129583109e-05,0.15789934173310086,741.2309010412599,1e-05,-2.2035936370182426e-06,-0.22035936370182424,False,Z_linear_reducibility_proxy,strong_pre_interval_candidate,5,artifacts/proof_audit/theorem_iii_trackb/phase4i_selected_seed/K0p9716350000_M8192_H1_SELECTED.npz
0.971635,8192,1,8192,1.003,frac:0.98,4013,0.9,1.6712769965697427e-09,2.0128268041654174e-05,0.00017170488124662597,0.00017170488124662597,1.4650834025710984,-0.23643265738322627,7.29347192624548,0.45093592244054653,9.474386580223456,0.0010874325336761744,2584,919.5972798601124,1.0195434452684773e-06,0.015559780513185418,0.024237624214782642,0.04111123152299373,1.0550477129583109e-05,3.269680396629231e-16,1.0550477129583109e-05,0.15789934173310086,741.2309010412599,1e-05,-2.2035936370182426e-06,-0.22035936370182424,False,Z_linear_reducibility_proxy,strong_pre_interval_candidate,5,artifacts/proof_audit/theorem_iii_trackb/phase4i_selected_seed/K0p9716350000_M8192_H1_SELECTED.npz
0.971635,8192,1,8192,1.003,frac:0.95,3890,0.5,1.6712769965697427e-09,2.0128268041654174e-05,0.00017170488124662597,0.00017170488124662597,1.4650834025710984,-0.23643265738322627,7.29347192624548,0.45093592244054653,9.474386580223456,0.0010874325336761744,2584,919.5972798601124,1.0195434452684773e-06,0.015559780513185418,0.04828015034597294,0.0823178308056226,1.0500988321430674e-05,3.269680396629231e-16,1.0500988321430674e-05,0.15789934173310086,741.2309010412599,1e-05,-2.154104828865808e-06,-0.21541048288658077,False,Z_linear_reducibility_proxy,strong_pre_interval_candidate,5,artifacts/proof_audit/theorem_iii_trackb/phase4i_selected_seed/K0p9716350000_M8192_H1_SELECTED.npz
0.971635,8192,1,8192,1.003,frac:0.95,3890,0.75,1.6712769965697427e-09,2.0128268041654174e-05,0.00017170488124662597,0.00017170488124662597,1.4650834025710984,-0.23643265738322627,7.29347192624548,0.45093592244054653,9.474386580223456,0.0010874325336761744,2584,919.5972798601124,1.0195434452684773e-06,0.015559780513185418,0.04828015034597294,0.0823178308056226,1.0500988321430674e-05,3.269680396629231e-16,1.0500988321430674e-05,0.15789934173310086,741.2309010412599,1e-05,-2.154104828865808e-06,-0.21541048288658077,False,Z_linear_reducibility_proxy,strong_pre_interval_candidate,5,artifacts/proof_audit/theorem_iii_trackb/phase4i_selected_seed/K0p9716350000_M8192_H1_SELECTED.npz
0.971635,8192,1,8192,1.003,frac:0.95,3890,0.9,1.6712769965697427e-09,2.0128268041654174e-05,0.00017170488124662597,0.00017170488124662597,1.4650834025710984,-0.23643265738322627,7.29347192624548,0.45093592244054653,9.474386580223456,0.0010874325336761744,2584,919.5972798601124,1.0195434452684773e-06,0.015559780513185418,0.04828015034597294,0.0823178308056226,1.0500988321430674e-05,3.269680396629231e-16,1.0500988321430674e-05,0.15789934173310086,741.2309010412599,1e-05,-2.154104828865808e-06,-0.21541048288658077,False,Z_linear_reducibility_proxy,strong_pre_interval_candidate,5,artifacts/proof_audit/theorem_iii_trackb/phase4i_selected_seed/K0p9716350000_M8192_H1_SELECTED.npz
0.971635,8192,1,8192,1.003,frac:0.90,3685,0.5,1.6712769965697427e-09,2.0128268041654174e-05,0.00017170488124662597,0.00017170488124662597,1.4650834025710984,-0.23643265738322627,7.29347192624548,0.45093592244054653,9.474386580223456,0.0010874325336761744,2584,919.5972798601124,1.0195434452684773e-06,0.015559780513185418,0.05905366138266396,0.10043032207966064,1.0473121049602035e-05,3.269680396629231e-16,1.0473121049602035e-05,0.15789934173310086,741.2309010412599,1e-05,-2.1262375570371685e-06,-0.21262375570371683,False,Z_linear_reducibility_proxy,strong_pre_interval_candidate,5,artifacts/proof_audit/theorem_iii_trackb/phase4i_selected_seed/K0p9716350000_M8192_H1_SELECTED.npz
0.971635,8192,1,8192,1.003,frac:0.90,3685,0.75,1.6712769965697427e-09,2.0128268041654174e-05,0.00017170488124662597,0.00017170488124662597,1.4650834025710984,-0.23643265738322627,7.29347192624548,0.45093592244054653,9.474386580223456,0.0010874325336761744,2584,919.5972798601124,1.0195434452684773e-06,0.015559780513185418,0.05905366138266396,0.10043032207966064,1.0473121049602035e-05,3.269680396629231e-16,1.0473121049602035e-05,0.15789934173310086,741.2309010412599,1e-05,-2.1262375570371685e-06,-0.21262375570371683,False,Z_linear_reducibility_proxy,strong_pre_interval_candidate,5,artifacts/proof_audit/theorem_iii_trackb/phase4i_selected_seed/K0p9716350000_M8192_H1_SELECTED.npz
0.971635,8192,1,8192,1.003,frac:0.90,3685,0.9,1.6712769965697427e-09,2.0128268041654174e-05,0.00017170488124662597,0.00017170488124662597,1.4650834025710984,-0.23643265738322627,7.29347192624548,0.45093592244054653,9.474386580223456,0.0010874325336761744,2584,919.5972798601124,1.0195434452684773e-06,0.015559780513185418,0.05905366138266396,0.10043032207966064,1.0473121049602035e-05,3.269680396629231e-16,1.0473121049602035e-05,0.15789934173310086,741.2309010412599,1e-05,-2.1262375570371685e-06,-0.21262375570371683,False,Z_linear_reducibility_proxy,strong_pre_interval_candidate,5,artifacts/proof_audit/theorem_iii_trackb/phase4i_selected_seed/K0p9716350000_M8192_H1_SELECTED.npz
