K_target,M,converged,solve_status,residual_linf,residual_l2,residual_l1_nu,weighted_coeff_l1_nu,tail_ratio_top_10pct,estimated_strip_width,estimated_nu_from_decay,max_abs_u,max_abs_r,continuation_success_count,continuation_total_count,elapsed_seconds,output_npz,record_path
0.9663,128,True,converged-target,8.743006318923108e-16,8.703993933357414e-17,1.5942163394739682e-15,0.09446652638121536,0.00044778488392181054,0.11064650089878932,1.1169999785666977,0.049931020360648705,0.6838908713410519,44,44,3.0255703926086426,artifacts/proof_audit/theorem_iii_trackb/phase1_seed/embeddings/K0p9663000000_M128_steps44.npz,artifacts/proof_audit/theorem_iii_trackb/phase1_seed/records/K0p9663000000_M128_steps44.json
0.9663,256,True,converged-target,4.595213098923523e-13,9.523741412148284e-14,2.5732549961354665e-12,0.09748170421453944,8.842858479981437e-05,0.06800846137697852,1.0703743652814706,0.04993618641827714,0.6838961407907435,44,44,9.324451684951782,artifacts/proof_audit/theorem_iii_trackb/phase1_seed/embeddings/K0p9663000000_M256_steps44.npz,artifacts/proof_audit/theorem_iii_trackb/phase1_seed/records/K0p9663000000_M256_steps44.json
0.9663,512,True,converged-target,2.145505995088115e-14,5.083183535890196e-15,6.256777824662858e-13,0.10790106020202478,0.001763629717112271,0.03368208393468918,1.034255747938232,0.04989809417661544,0.6839001712007058,44,44,115.5159044265747,artifacts/proof_audit/theorem_iii_trackb/phase1_seed/embeddings/K0p9663000000_M512_steps44.npz,artifacts/proof_audit/theorem_iii_trackb/phase1_seed/records/K0p9663000000_M512_steps44.json
0.9663,1024,True,converged-target,1.203984828501703e-14,3.1246369245328784e-15,7.2427722189505575e-12,0.11124200284046065,6.235437386961601e-06,0.02306654696731918,1.0233346370980012,0.049916409009969666,0.6839003794303257,44,44,97.38733077049255,artifacts/proof_audit/theorem_iii_trackb/phase1_seed/embeddings/K0p9663000000_M1024_steps44.npz,artifacts/proof_audit/theorem_iii_trackb/phase1_seed/records/K0p9663000000_M1024_steps44.json
0.9666,128,True,converged-target,2.0775048348298242e-14,7.458388808582619e-15,6.792943784041716e-14,0.09461599019728525,0.000454038065134658,0.11033285780849995,1.1166496941765778,0.049963652114960386,0.6839149666464726,44,44,3.02199125289917,artifacts/proof_audit/theorem_iii_trackb/phase1_seed/embeddings/K0p9666000000_M128_steps44.npz,artifacts/proof_audit/theorem_iii_trackb/phase1_seed/records/K0p9666000000_M128_steps44.json
0.9666,256,True,converged-target,5.115075030204252e-13,1.0654887175925101e-13,2.9086470539600065e-12,0.09770834745186932,9.106361399736694e-05,0.0676761115659844,1.0700186856717757,0.049972838667159646,0.6839203753763043,44,44,10.774332284927368,artifacts/proof_audit/theorem_iii_trackb/phase1_seed/embeddings/K0p9666000000_M256_steps44.npz,artifacts/proof_audit/theorem_iii_trackb/phase1_seed/records/K0p9666000000_M256_steps44.json
0.9666,512,True,converged-target,2.99482660892636e-13,5.222001739524295e-14,4.472257183781852e-12,0.1099764020059435,0.002133211517309873,0.032965758758376776,1.0335151497934543,0.049930474511554385,0.6839244768946678,44,44,92.45951533317566,artifacts/proof_audit/theorem_iii_trackb/phase1_seed/embeddings/K0p9666000000_M512_steps44.npz,artifacts/proof_audit/theorem_iii_trackb/phase1_seed/records/K0p9666000000_M512_steps44.json
0.9666,1024,True,converged-target,1.49741330446318e-14,3.1244483837393498e-15,7.729964483217831e-12,0.11280992688924346,6.924142853449515e-06,0.02272930201959765,1.0229895808493201,0.04995008136974776,0.6839246753842969,44,44,104.88147711753845,artifacts/proof_audit/theorem_iii_trackb/phase1_seed/embeddings/K0p9666000000_M1024_steps44.npz,artifacts/proof_audit/theorem_iii_trackb/phase1_seed/records/K0p9666000000_M1024_steps44.json
0.967,128,True,converged-target,3.1710745140856034e-15,2.859488152749089e-16,5.383254040208561e-15,0.09481651896231044,0.00046248775816220997,0.10991531896208001,1.1161835468754915,0.05000731774406624,0.6839471151364166,44,44,3.0637664794921875,artifacts/proof_audit/theorem_iii_trackb/phase1_seed/embeddings/K0p9670000000_M128_steps44.npz,artifacts/proof_audit/theorem_iii_trackb/phase1_seed/records/K0p9670000000_M128_steps44.json
0.967,256,True,converged-target,5.941913627793838e-13,1.2342687868604558e-13,3.348263419238875e-12,0.09801458229778713,9.468045713821616e-05,0.06723416626872164,1.069545900425963,0.05002200310805491,0.6839527148766045,44,44,10.157699584960938,artifacts/proof_audit/theorem_iii_trackb/phase1_seed/embeddings/K0p9670000000_M256_steps44.npz,artifacts/proof_audit/theorem_iii_trackb/phase1_seed/records/K0p9670000000_M256_steps44.json
0.967,512,True,converged-target,4.377609386096992e-13,7.618511780039769e-14,6.493977755989825e-12,0.11497853527286994,0.0030891740956686593,0.03148813325996016,1.0319891291762637,0.04997849882921542,0.6839569398683885,44,44,88.52845335006714,artifacts/proof_audit/theorem_iii_trackb/phase1_seed/embeddings/K0p9670000000_M512_steps44.npz,artifacts/proof_audit/theorem_iii_trackb/phase1_seed/records/K0p9670000000_M512_steps44.json
0.967,1024,True,converged-target,1.3656610564627414e-14,3.1250056757902732e-15,6.5945903583327754e-12,0.11510846018597934,7.924247270317285e-06,0.022280613544787834,1.0225306801739633,0.04999525847881517,0.6839570959810701,44,44,99.13504028320312,artifacts/proof_audit/theorem_iii_trackb/phase1_seed/embeddings/K0p9670000000_M1024_steps44.npz,artifacts/proof_audit/theorem_iii_trackb/phase1_seed/records/K0p9670000000_M1024_steps44.json
0.9675,128,True,converged-target,2.491062911502695e-15,2.2599672509146356e-16,4.225382412659162e-15,0.09506919667441038,0.00047323161855776047,0.10939446397555841,1.1156023284876158,0.050062153323025424,0.6839873353056993,44,44,2.989738702774048,artifacts/proof_audit/theorem_iii_trackb/phase1_seed/embeddings/K0p9675000000_M128_steps44.npz,artifacts/proof_audit/theorem_iii_trackb/phase1_seed/records/K0p9675000000_M128_steps44.json
0.9675,256,True,converged-target,7.162326287613041e-13,1.4825339050846847e-13,4.01399924733765e-12,0.09840399671099428,9.93713026541049e-05,0.06668372640516902,1.0689573417244154,0.05008393952245589,0.6839931825539973,44,44,10.132977962493896,artifacts/proof_audit/theorem_iii_trackb/phase1_seed/embeddings/K0p9675000000_M256_steps44.npz,artifacts/proof_audit/theorem_iii_trackb/phase1_seed/records/K0p9675000000_M256_steps44.json
0.9675,512,False,failed-at-K=0.9675,5.1795141287058755e-08,1.326402836661909e-08,1.4233916140047701e-06,0.11785328755321355,0.003550385292722554,0.030716754538664827,1.0311933816722125,0.05003840731870139,0.6839975124733845,43,44,284.8307452201843,artifacts/proof_audit/theorem_iii_trackb/phase1_seed/embeddings/K0p9675000000_M512_steps44.npz,artifacts/proof_audit/theorem_iii_trackb/phase1_seed/records/K0p9675000000_M512_steps44.json
0.9675,1024,True,converged-target,1.50938289644742e-14,3.108225716230072e-15,8.745013272018755e-12,0.11835194882164231,9.299249597672136e-06,0.021721751647835772,1.0219593863903826,0.05005220241215706,0.6839976639506252,44,44,99.43477773666382,artifacts/proof_audit/theorem_iii_trackb/phase1_seed/embeddings/K0p9675000000_M1024_steps44.npz,artifacts/proof_audit/theorem_iii_trackb/phase1_seed/records/K0p9675000000_M1024_steps44.json
0.968,128,True,converged-target,3.982925100842749e-15,3.568686933621142e-16,6.723569657677947e-15,0.09532413850148794,0.00048417939004719187,0.1088748236828511,1.1150227671618453,0.05011727297193645,0.6840275940486273,44,44,3.0264968872070312,artifacts/proof_audit/theorem_iii_trackb/phase1_seed/embeddings/K0p9680000000_M128_steps44.npz,artifacts/proof_audit/theorem_iii_trackb/phase1_seed/records/K0p9680000000_M128_steps44.json
0.968,256,True,converged-target,8.577860644010116e-13,1.7781792987955954e-13,4.81979508557757e-12,0.09880092499272891,0.00010425523681520526,0.06613561011701272,1.0683715893389485,0.05014641956747086,0.6840336988109964,44,44,7.320156812667847,artifacts/proof_audit/theorem_iii_trackb/phase1_seed/embeddings/K0p9680000000_M256_steps44.npz,artifacts/proof_audit/theorem_iii_trackb/phase1_seed/records/K0p9680000000_M256_steps44.json
0.968,512,False,failed-at-K=0.968,9.527561112276928e-08,2.7494262612496094e-08,3.288885774200421e-06,0.1163431719091978,0.0030953499309447686,0.031081062049307526,1.0315691216043648,0.050098531815244915,0.6840380945151702,43,44,282.3197660446167,artifacts/proof_audit/theorem_iii_trackb/phase1_seed/embeddings/K0p9680000000_M512_steps44.npz,artifacts/proof_audit/theorem_iii_trackb/phase1_seed/records/K0p9680000000_M512_steps44.json
0.968,1024,True,converged-target,1.4028708750224439e-14,3.109853797762956e-15,9.38266154947711e-12,0.12205612452197265,1.0795377975175175e-05,0.02116575886456751,1.0213913422756038,0.050109700373397494,0.6840382794463105,44,44,107.27406692504883,artifacts/proof_audit/theorem_iii_trackb/phase1_seed/embeddings/K0p9680000000_M1024_steps44.npz,artifacts/proof_audit/theorem_iii_trackb/phase1_seed/records/K0p9680000000_M1024_steps44.json
0.9685,128,True,converged-target,2.6020852139652106e-15,2.3469853111409624e-16,4.37638994453608e-15,0.09558136930491226,0.0004953331351308201,0.10835642805832717,1.1144448940344958,0.0501726791990248,0.6840678915525673,44,44,3.0695626735687256,artifacts/proof_audit/theorem_iii_trackb/phase1_seed/embeddings/K0p9685000000_M128_steps44.npz,artifacts/proof_audit/theorem_iii_trackb/phase1_seed/records/K0p9685000000_M128_steps44.json
0.9685,256,True,converged-target,1.0262346528122634e-12,2.12803806921031e-13,5.772227902558266e-12,0.09920553460168997,0.00010933685272333033,0.06558993987917433,1.0677887697877972,0.05020945337624222,0.6840742641459475,44,44,11.578580856323242,artifacts/proof_audit/theorem_iii_trackb/phase1_seed/embeddings/K0p9685000000_M256_steps44.npz,artifacts/proof_audit/theorem_iii_trackb/phase1_seed/records/K0p9685000000_M256_steps44.json
0.9685,512,False,failed-at-K=0.9685,2.2889217285437802e-07,4.8339240827774334e-08,4.17832268292974e-06,0.11568158242008053,0.0028788828434176965,0.03158251349735483,1.0320865331516968,0.050161669641881346,0.6840787492904545,43,44,419.6195104122162,artifacts/proof_audit/theorem_iii_trackb/phase1_seed/embeddings/K0p9685000000_M512_steps44.npz,artifacts/proof_audit/theorem_iii_trackb/phase1_seed/records/K0p9685000000_M512_steps44.json
0.9685,1024,True,converged-target,1.4422490979271174e-14,3.1181183597359026e-15,8.802076151011992e-12,0.12627457358881386,1.2372840947899556e-05,0.02061342531704594,1.020827349342564,0.05016778423579634,0.6840789431557059,44,44,101.24847650527954,artifacts/proof_audit/theorem_iii_trackb/phase1_seed/embeddings/K0p9685000000_M1024_steps44.npz,artifacts/proof_audit/theorem_iii_trackb/phase1_seed/records/K0p9685000000_M1024_steps44.json
0.969,128,True,converged-target,3.649858193455202e-15,3.2869050264449716e-16,6.174017825357859e-15,0.09584091384559659,0.0005066948578262267,0.1078393077185814,1.1138687408953574,0.05022837449343548,0.6841082280021414,44,44,3.0202648639678955,artifacts/proof_audit/theorem_iii_trackb/phase1_seed/embeddings/K0p9690000000_M128_steps44.npz,artifacts/proof_audit/theorem_iii_trackb/phase1_seed/records/K0p9690000000_M128_steps44.json
0.969,256,True,converged-target,1.2242706848297757e-12,2.5411996371017004e-13,6.866998924026737e-12,0.09961799128607607,0.00011462055429904889,0.0650468422361558,1.0672090136700245,0.05027305120751034,0.684114879054818,44,44,7.409453868865967,artifacts/proof_audit/theorem_iii_trackb/phase1_seed/embeddings/K0p9690000000_M256_steps44.npz,artifacts/proof_audit/theorem_iii_trackb/phase1_seed/records/K0p9690000000_M256_steps44.json
0.969,512,False,failed-at-K=0.969,3.3846828412231744e-07,7.616520301269944e-08,4.845901944927096e-06,0.11511040110822794,0.0027320433219639472,0.03270601517355628,1.033246735724406,0.05023132116648549,0.6841196328482908,43,44,963.9351308345795,artifacts/proof_audit/theorem_iii_trackb/phase1_seed/embeddings/K0p9690000000_M512_steps44.npz,artifacts/proof_audit/theorem_iii_trackb/phase1_seed/records/K0p9690000000_M512_steps44.json
0.969,1024,True,converged-target,1.259929660601955e-14,3.125911856246654e-15,7.825823891451416e-12,0.1310605926594729,1.3967508196538478e-05,0.0200656401966995,1.0202683084412743,0.05022648606395666,0.6841196558029927,44,44,102.49067378044128,artifacts/proof_audit/theorem_iii_trackb/phase1_seed/embeddings/K0p9690000000_M1024_steps44.npz,artifacts/proof_audit/theorem_iii_trackb/phase1_seed/records/K0p9690000000_M1024_steps44.json
0.9695,128,True,converged-target,5.814793091474257e-15,5.207353298803205e-16,9.802907121416829e-15,0.09610279676087197,0.0005182664993709637,0.10732349392383911,1.1132943401879112,0.050284361322831435,0.6841486035790212,44,44,3.0295166969299316,artifacts/proof_audit/theorem_iii_trackb/phase1_seed/embeddings/K0p9695000000_M128_steps44.npz,artifacts/proof_audit/theorem_iii_trackb/phase1_seed/records/K0p9695000000_M128_steps44.json
0.9695,256,True,converged-target,1.459415921445384e-12,3.026287485900532e-13,8.187845975109373e-12,0.10003845850417473,0.00012011052620858646,0.06450644764250585,1.066632455487236,0.05033722343473319,0.6841555440300016,44,44,11.761062860488892,artifacts/proof_audit/theorem_iii_trackb/phase1_seed/embeddings/K0p9695000000_M256_steps44.npz,artifacts/proof_audit/theorem_iii_trackb/phase1_seed/records/K0p9695000000_M256_steps44.json
0.9695,512,False,failed-at-K=0.9672247792960712,0.0003621102235945861,0.0002633340457298388,0.0005741214032284706,0.11866544978138802,0.003801539248046652,0.03055706995382091,1.0310287291317526,0.05000592443584055,0.6839752041597678,42,44,1012.460607290268,artifacts/proof_audit/theorem_iii_trackb/phase1_seed/embeddings/K0p9695000000_M512_steps44.npz,artifacts/proof_audit/theorem_iii_trackb/phase1_seed/records/K0p9695000000_M512_steps44.json
0.9695,1024,True,converged-target,1.301736496372996e-14,3.129328933444149e-15,9.097147902369302e-12,0.1364680143937375,1.5506498691450253e-05,0.019523387892357455,1.0197152155714688,0.05028583720031766,0.6841604181495953,44,44,103.23693561553955,artifacts/proof_audit/theorem_iii_trackb/phase1_seed/embeddings/K0p9695000000_M1024_steps44.npz,artifacts/proof_audit/theorem_iii_trackb/phase1_seed/records/K0p9695000000_M1024_steps44.json
0.97,128,True,converged-target,2.220446049250313e-15,2.0133944147142082e-16,3.783458083062508e-15,0.09636704254062962,0.0005300499338700092,0.10680901857823609,1.1127217250083117,0.05034064213089202,0.6841890184616558,44,44,3.035714626312256,artifacts/proof_audit/theorem_iii_trackb/phase1_seed/embeddings/K0p9700000000_M128_steps44.npz,artifacts/proof_audit/theorem_iii_trackb/phase1_seed/records/K0p9700000000_M128_steps44.json
0.97,256,True,converged-target,1.72492575778449e-12,3.5961650205518146e-13,9.676685107471375e-12,0.1004670967206253,0.0001258106972332045,0.0639688905741267,1.0660592337549266,0.050401980532745846,0.6841962595589602,44,44,79.51450443267822,artifacts/proof_audit/theorem_iii_trackb/phase1_seed/embeddings/K0p9700000000_M256_steps44.npz,artifacts/proof_audit/theorem_iii_trackb/phase1_seed/records/K0p9700000000_M256_steps44.json
0.97,512,False,failed-at-K=0.967723605897049,0.0003622867867774382,0.0002634689323622998,0.0005665841742687165,0.11523730339453075,0.0029777013278334333,0.03154293503257452,1.0320456855595421,0.05006597425793436,0.6840156099612653,42,44,1075.6332459449768,artifacts/proof_audit/theorem_iii_trackb/phase1_seed/embeddings/K0p9700000000_M512_steps44.npz,artifacts/proof_audit/theorem_iii_trackb/phase1_seed/records/K0p9700000000_M512_steps44.json
0.97,1024,True,converged-target,1.5557000132560006e-14,3.1278243988066116e-15,9.528926832034565e-12,0.142543315292819,1.6861362964920188e-05,0.01898773577790377,1.0191691492239607,0.05034586729574817,0.6842012309926536,44,44,187.2239933013916,artifacts/proof_audit/theorem_iii_trackb/phase1_seed/embeddings/K0p9700000000_M1024_steps44.npz,artifacts/proof_audit/theorem_iii_trackb/phase1_seed/records/K0p9700000000_M1024_steps44.json
0.9705,128,True,converged-target,1.1789180742738381e-14,1.0510651436079881e-15,1.9810580922230598e-14,0.09663367550342679,0.0005420469641354006,0.10629591422939785,1.1121509291036167,0.050397219334780786,0.6842294728251225,44,44,3.0106418132781982,artifacts/proof_audit/theorem_iii_trackb/phase1_seed/embeddings/K0p9705000000_M128_steps44.npz,artifacts/proof_audit/theorem_iii_trackb/phase1_seed/records/K0p9705000000_M128_steps44.json
0.9705,256,True,converged-target,2.041700142285663e-12,4.259819017137163e-13,1.1485211182688202e-11,0.10090406279922864,0.00013172471001665143,0.06343430916516246,1.065489490608322,0.050467333063833573,0.6842370261228541,44,44,10.881267547607422,artifacts/proof_audit/theorem_iii_trackb/phase1_seed/embeddings/K0p9705000000_M256_steps44.npz,artifacts/proof_audit/theorem_iii_trackb/phase1_seed/records/K0p9705000000_M256_steps44.json
0.9705,512,False,failed-at-K=0.9682224324980269,0.00036247648238910135,0.00026360936412323096,0.0005692460428339558,0.11628841662578268,0.00306449893637107,0.031288818838757844,1.0317834593574562,0.05012630304440462,0.6840561243765434,42,44,513.3968908786774,artifacts/proof_audit/theorem_iii_trackb/phase1_seed/embeddings/K0p9705000000_M512_steps44.npz,artifacts/proof_audit/theorem_iii_trackb/phase1_seed/records/K0p9705000000_M512_steps44.json
0.9705,1024,True,converged-target,1.315874492702207e-14,3.1274497622878556e-15,8.118046608273204e-12,0.14932591236685808,1.78694036370536e-05,0.018459819511364318,1.018631255245713,0.05040660325616689,0.6842420951597765,44,44,149.37434315681458,artifacts/proof_audit/theorem_iii_trackb/phase1_seed/embeddings/K0p9705000000_M1024_steps44.npz,artifacts/proof_audit/theorem_iii_trackb/phase1_seed/records/K0p9705000000_M1024_steps44.json
0.971,128,True,converged-target,7.424616477180734e-15,6.63377122706457e-16,1.2511232569241374e-14,0.09690271976917197,0.0005542593165786941,0.10578421406710166,1.1115819868690275,0.05045409532244669,0.6842699668408838,44,44,2.9954724311828613,artifacts/proof_audit/theorem_iii_trackb/phase1_seed/embeddings/K0p9710000000_M128_steps44.npz,artifacts/proof_audit/theorem_iii_trackb/phase1_seed/records/K0p9710000000_M128_steps44.json
0.971,256,True,converged-target,2.407601895626499e-12,5.03073559561696e-13,1.3590529784387429e-11,0.10134950923451805,0.0001378558831398226,0.06290284523901846,1.0649233718295577,0.05053329166064783,0.6842778441949906,44,44,7.593536615371704,artifacts/proof_audit/theorem_iii_trackb/phase1_seed/embeddings/K0p9710000000_M256_steps44.npz,artifacts/proof_audit/theorem_iii_trackb/phase1_seed/records/K0p9710000000_M256_steps44.json
0.971,512,False,failed-at-K=0.9687212590990046,0.00036263912092487915,0.0002637387513049403,0.0005679050356929484,0.11544737385710095,0.0027941525992157524,0.03167402312206681,1.0321809833245,0.05018764865585109,0.6840966532974132,42,44,573.628734588623,artifacts/proof_audit/theorem_iii_trackb/phase1_seed/embeddings/K0p9710000000_M512_steps44.npz,artifacts/proof_audit/theorem_iii_trackb/phase1_seed/records/K0p9710000000_M512_steps44.json
0.971,1024,True,converged-target,1.4450246554886803e-14,3.150687820865189e-15,7.318017367321882e-12,0.15687099687652045,1.8524478689885982e-05,0.017940819786549607,1.0181027230704434,0.05047177758056673,0.6842830114987363,44,44,111.0155918598175,artifacts/proof_audit/theorem_iii_trackb/phase1_seed/embeddings/K0p9710000000_M1024_steps44.npz,artifacts/proof_audit/theorem_iii_trackb/phase1_seed/records/K0p9710000000_M1024_steps44.json
0.97125,128,True,converged-target,1.4710455076283324e-14,1.3123825113476403e-15,2.4725818104073527e-14,0.09703815361816026,0.0005604467563953655,0.10552890110260728,1.111298221802673,0.05048264609777708,0.684290228770892,44,44,3.0611722469329834,artifacts/proof_audit/theorem_iii_trackb/phase1_seed/embeddings/K0p9712500000_M128_steps44.npz,artifacts/proof_audit/theorem_iii_trackb/phase1_seed/records/K0p9712500000_M128_steps44.json
0.97125,256,True,converged-target,2.611244553918368e-12,5.460715771349897e-13,1.4766744511965596e-11,0.1015754588750547,0.0001410038449719832,0.06263832758072072,1.0646417180458168,0.05056650157132432,0.6842982726920286,44,44,9.331214427947998,artifacts/proof_audit/theorem_iii_trackb/phase1_seed/embeddings/K0p9712500000_M256_steps44.npz,artifacts/proof_audit/theorem_iii_trackb/phase1_seed/records/K0p9712500000_M256_steps44.json
0.97125,512,False,failed-at-K=0.9689706723994936,0.0003627327667338476,0.0002638102841137657,0.0005661861943840752,0.1145256190967257,0.0025254734873325574,0.03184186302603066,1.0323542390208174,0.05021714487192249,0.6841169195072596,42,44,644.9666788578033,artifacts/proof_audit/theorem_iii_trackb/phase1_seed/embeddings/K0p9712500000_M512_steps44.npz,artifacts/proof_audit/theorem_iii_trackb/phase1_seed/records/K0p9712500000_M512_steps44.json
0.97125,1024,True,converged-target,3.422956362797436e-14,3.350138573451338e-15,1.4515563600467124e-11,0.16095380781411245,1.8782370607971508e-05,0.017685038128214616,1.0178423443690487,0.0505075315246476,0.6843034894985632,44,44,112.68026280403137,artifacts/proof_audit/theorem_iii_trackb/phase1_seed/embeddings/K0p9712500000_M1024_steps44.npz,artifacts/proof_audit/theorem_iii_trackb/phase1_seed/records/K0p9712500000_M1024_steps44.json
0.9715,128,True,converged-target,9.166278847061449e-15,8.183330655824549e-16,1.543253507742125e-14,0.09717419923492922,0.0005666886373926189,0.1052739519204998,1.111014933343562,0.05051127244991101,0.6843105006765229,44,44,3.0985891819000244,artifacts/proof_audit/theorem_iii_trackb/phase1_seed/embeddings/K0p9715000000_M128_steps44.npz,artifacts/proof_audit/theorem_iii_trackb/phase1_seed/records/K0p9715000000_M128_steps44.json
0.9715,256,True,converged-target,2.8296809340133677e-12,5.922487520916851e-13,1.6030930538163974e-11,0.10180358345109763,0.00014420717712276436,0.062374643996759994,1.0643610265104697,0.050599867008339294,0.684318714239259,44,44,9.42234492301941,artifacts/proof_audit/theorem_iii_trackb/phase1_seed/embeddings/K0p9715000000_M256_steps44.npz,artifacts/proof_audit/theorem_iii_trackb/phase1_seed/records/K0p9715000000_M256_steps44.json
0.9715,512,False,failed-at-K=0.9692200856999826,0.00036278892473415314,0.00026385571619938264,0.0005612160254316217,0.11219907588267966,0.002054748831659497,0.032950648907555904,1.0334995336516988,0.05025038320628791,0.6841372122377359,42,44,1034.1364648342133,artifacts/proof_audit/theorem_iii_trackb/phase1_seed/embeddings/K0p9715000000_M512_steps44.npz,artifacts/proof_audit/theorem_iii_trackb/phase1_seed/records/K0p9715000000_M512_steps44.json
0.9715,1024,True,converged-target,4.481900961472718e-13,1.437869828324232e-14,1.21266646201671e-10,0.16523821086531965,1.8897709234395248e-05,0.01743194319390408,1.0175847662249988,0.050543582201005716,0.6843239808587784,44,44,112.85697484016418,artifacts/proof_audit/theorem_iii_trackb/phase1_seed/embeddings/K0p9715000000_M1024_steps44.npz,artifacts/proof_audit/theorem_iii_trackb/phase1_seed/records/K0p9715000000_M1024_steps44.json
0.9716,128,True,converged-target,5.3637649877202875e-15,4.802253548937552e-16,9.0487057477109e-15,0.09722878943751992,0.0005692006766308773,0.10517207507483242,1.1109017524120195,0.05052274421709293,0.6843186122364846,44,44,3.0084097385406494,artifacts/proof_audit/theorem_iii_trackb/phase1_seed/embeddings/K0p9716000000_M128_steps44.npz,artifacts/proof_audit/theorem_iii_trackb/phase1_seed/records/K0p9716000000_M128_steps44.json
0.9716,256,True,converged-target,2.9208024887594775e-12,6.116584405843089e-13,1.6563758572091505e-11,0.10189544619885854,0.00014550408357486705,0.06226940827496409,1.0642490236030502,0.050613257030748024,0.6843268945248288,44,44,8.843543767929077,artifacts/proof_audit/theorem_iii_trackb/phase1_seed/embeddings/K0p9716000000_M256_steps44.npz,artifacts/proof_audit/theorem_iii_trackb/phase1_seed/records/K0p9716000000_M256_steps44.json
0.9716,512,False,failed-at-K=0.9693198510201781,0.00036282056271233487,0.0002638805696580906,0.0005704779333020776,0.11632402308108683,0.002899816482652132,0.03192191336982697,1.0324368826403516,0.05026503746815474,0.6841453955317204,42,44,1064.5176079273224,artifacts/proof_audit/theorem_iii_trackb/phase1_seed/embeddings/K0p9716000000_M512_steps44.npz,artifacts/proof_audit/theorem_iii_trackb/phase1_seed/records/K0p9716000000_M512_steps44.json
0.9716,1024,True,converged-target,9.226230890391207e-13,2.9023130206465425e-14,2.476423342952826e-10,0.167007229653382,1.888642953134805e-05,0.01733149083821869,1.017482552572009,0.050558086473542395,0.6843321811667852,44,44,118.11635494232178,artifacts/proof_audit/theorem_iii_trackb/phase1_seed/embeddings/K0p9716000000_M1024_steps44.npz,artifacts/proof_audit/theorem_iii_trackb/phase1_seed/records/K0p9716000000_M1024_steps44.json
0.971635,128,True,converged-target,4.649058915617843e-16,5.837518752352127e-17,1.039853133121414e-15,0.09724791927942898,0.0005700819577372998,0.10513643214489221,1.1108621573243345,0.05052676220675172,0.6843214516605626,44,44,3.032862901687622,artifacts/proof_audit/theorem_iii_trackb/phase1_seed/embeddings/K0p9716350000_M128_steps44.npz,artifacts/proof_audit/theorem_iii_trackb/phase1_seed/records/K0p9716350000_M128_steps44.json
0.971635,256,True,converged-target,2.9379831900655518e-12,6.161506878672389e-13,1.6688211019578997e-11,0.10192768124059107,0.00014596010905053,0.062232608226623694,1.0642098599081529,0.05061794948405029,0.6843297581208632,44,44,8.3795907497406,artifacts/proof_audit/theorem_iii_trackb/phase1_seed/embeddings/K0p9716350000_M256_steps44.npz,artifacts/proof_audit/theorem_iii_trackb/phase1_seed/records/K0p9716350000_M256_steps44.json
0.971635,512,False,failed-at-K=0.9693547688822466,0.00036283521077964953,0.0002638914157714542,0.0005713075156880331,0.11667411823611902,0.002959018568037302,0.03180958437320983,1.032320916554553,0.05026917423895975,0.6841482402329613,42,44,1033.6509108543396,artifacts/proof_audit/theorem_iii_trackb/phase1_seed/embeddings/K0p9716350000_M512_steps44.npz,artifacts/proof_audit/theorem_iii_trackb/phase1_seed/records/K0p9716350000_M512_steps44.json
0.971635,1024,True,converged-target,5.707517791719852e-13,1.8149790765361736e-14,1.5448901826596177e-10,0.16763385369140732,1.8874039625581424e-05,0.017296441235003644,1.0174468908372316,0.050563174341494946,0.6843350517868957,44,44,117.76413631439209,artifacts/proof_audit/theorem_iii_trackb/phase1_seed/embeddings/K0p9716350000_M1024_steps44.npz,artifacts/proof_audit/theorem_iii_trackb/phase1_seed/records/K0p9716350000_M1024_steps44.json
0.97165,128,True,converged-target,3.0531133177191805e-15,2.763281662080327e-16,5.138222753075541e-15,0.09725612148055093,0.0005704599780665426,0.10512115882556532,1.1108451909014447,0.050528484658398105,0.6843226686166353,44,44,3.0303220748901367,artifacts/proof_audit/theorem_iii_trackb/phase1_seed/embeddings/K0p9716500000_M128_steps44.npz,artifacts/proof_audit/theorem_iii_trackb/phase1_seed/records/K0p9716500000_M128_steps44.json
0.97165,256,True,converged-target,2.951722199995288e-12,6.19145536511492e-13,1.677113786370341e-11,0.10194150946622127,0.00014615588348588013,0.062216841951449595,1.064193081414926,0.050619961480784764,0.6843309854551164,44,44,9.880773067474365,artifacts/proof_audit/theorem_iii_trackb/phase1_seed/embeddings/K0p9716500000_M256_steps44.npz,artifacts/proof_audit/theorem_iii_trackb/phase1_seed/records/K0p9716500000_M256_steps44.json
0.97165,512,False,failed-at-K=0.9693697336802759,0.0003628438870194872,0.00026389787861322967,0.0005681336295867637,0.11523941516279523,0.002649821464272281,0.03212653445339163,1.0326481626094204,0.05026988023738235,0.6841494367329921,42,44,1004.8780093193054,artifacts/proof_audit/theorem_iii_trackb/phase1_seed/embeddings/K0p9716500000_M512_steps44.npz,artifacts/proof_audit/theorem_iii_trackb/phase1_seed/records/K0p9716500000_M512_steps44.json
0.97165,1024,True,converged-target,8.193792866428851e-13,2.5827422397196864e-14,2.202834625953211e-10,0.16790358764838137,1.886734213015237e-05,0.017281437501719288,1.0174316254499698,0.05056535670026844,0.6843362821310676,44,44,113.253244638443,artifacts/proof_audit/theorem_iii_trackb/phase1_seed/embeddings/K0p9716500000_M1024_steps44.npz,artifacts/proof_audit/theorem_iii_trackb/phase1_seed/records/K0p9716500000_M1024_steps44.json
