K,M,embedding_residual_linf_max,scalar_residual_linf,upper_triangular_defect_linf_max,a11_minus_1_linf,a21_linf,a22_minus_1_linf,twist_average,twist_min,twist_max,twist_centered_linf,frame_tangent_norm_min,frame_tangent_norm_max,frame_normal_norm_max,frame_det_defect_linf,rep_nu,rep_embedding_residual_l1_nu_proxy,rep_a21_l1_nu,rep_Z_proxy,rep_Q_proxy,rep_radii_margin_proxy,rep_radii_proxy_positive_margin,recommendation_label,recommendation_score,npz_path,record_path
0.9663,128,1.0651937640731177,8.743006318923108e-16,0.01762587845346031,0.01762587845346031,0.012723654335172085,0.0009251981062441406,1.2139287292272563,-0.10986990558312171,3.429974156610225,2.2160454273829684,0.6577867190711559,3.5310504000769987,1.5202496052399397,2.220446049250313e-16,1.003,2.919145726174279,0.014863426140415073,0.6215761315698867,1051.1766849064752,-57327994.98424282,False,weak_or_needs_auto_reducibility_improvement,1,artifacts/proof_audit/theorem_iii_trackb/phase1_seed/embeddings/K0p9663000000_M128_steps44.npz,artifacts/proof_audit/theorem_iii_trackb/phase4_auto_reducibility/records/K0p9663000000_M128_steps44.phase4_auto_reducibility_audit.json
0.9663,256,1.110061010823323,4.595213098923523e-13,0.013843380027387941,0.013843380027387941,0.002551239456112686,0.000177771680607286,1.2348710893578048,-0.13245835185841243,4.045680268713251,2.810809179355446,0.6028337291311948,4.026639576493549,1.6588321981273377,2.220446049250313e-16,1.003,3.306787505795502,0.0038980785005269243,0.43649069980810773,1293.5558031023345,-90526791.97880332,False,weak_or_needs_auto_reducibility_improvement,1,artifacts/proof_audit/theorem_iii_trackb/phase1_seed/embeddings/K0p9663000000_M256_steps44.npz,artifacts/proof_audit/theorem_iii_trackb/phase4_auto_reducibility/records/K0p9663000000_M256_steps44.phase4_auto_reducibility_audit.json
0.9663,512,1.1409690616657577,2.145505995088115e-14,0.11428256911803447,0.11428256911803447,0.007398453821487294,0.0003525124095342669,1.2681736582159464,-0.13893042021201585,4.484185702186483,3.2160120439705366,0.56935033131793,4.8002822960644504,1.756387842411901,2.220446049250313e-16,1.003,3.8387682739414535,0.016857152785620874,4.331259851475947,1730.8547786714112,-163240231.7245987,False,weak_or_needs_auto_reducibility_improvement,1,artifacts/proof_audit/theorem_iii_trackb/phase1_seed/embeddings/K0p9663000000_M512_steps44.npz,artifacts/proof_audit/theorem_iii_trackb/phase4_auto_reducibility/records/K0p9663000000_M512_steps44.phase4_auto_reducibility_audit.json
0.9663,1024,1.0429906398242874,1.203984828501703e-14,0.0014008081107792503,0.0014008081107792503,5.7478270067523596e-05,5.651628699476774e-06,1.2454358801715846,-0.12585614953852775,4.006066005138158,2.7606301249665735,0.6078123441633139,4.598684522988628,1.6452446377615995,2.220446049250313e-16,1.003,4.840430897332942,0.0004566874820187862,0.10730240429113966,1609.2518868566744,-241307876.25842822,False,weak_or_needs_auto_reducibility_improvement,1,artifacts/proof_audit/theorem_iii_trackb/phase1_seed/embeddings/K0p9663000000_M1024_steps44.npz,artifacts/proof_audit/theorem_iii_trackb/phase4_auto_reducibility/records/K0p9663000000_M1024_steps44.phase4_auto_reducibility_audit.json
0.9666,128,1.0651937640731124,2.0775048348298242e-14,0.018019039171113138,0.018019039171113138,0.01300792920973981,0.0009435111925266693,1.215287371253142,-0.11023376015663178,3.438022461677754,2.222735090424612,0.6570667183293892,3.543148600884557,1.5219154647529984,2.220446049250313e-16,1.003,2.91914572617426,0.01519266730162672,0.6354339741020764,1057.063275156085,-57649035.40091562,False,weak_or_needs_auto_reducibility_improvement,1,artifacts/proof_audit/theorem_iii_trackb/phase1_seed/embeddings/K0p9666000000_M128_steps44.npz,artifacts/proof_audit/theorem_iii_trackb/phase4_auto_reducibility/records/K0p9666000000_M128_steps44.phase4_auto_reducibility_audit.json
0.9666,256,1.1100610108233218,5.115075030204252e-13,0.01448481249926048,0.01448481249926048,0.002671680666959997,0.00018565418418403645,1.2371770505389421,-0.13366842523357136,4.077792221936646,2.8406151713977037,0.6004012399587153,4.051390522335543,1.6655528560679889,2.220446049250313e-16,1.003,3.306787505795509,0.0040809940592306465,0.45706468996933214,1306.6520814517744,-91443314.25737643,False,weak_or_needs_auto_reducibility_improvement,1,artifacts/proof_audit/theorem_iii_trackb/phase1_seed/embeddings/K0p9666000000_M256_steps44.npz,artifacts/proof_audit/theorem_iii_trackb/phase4_auto_reducibility/records/K0p9666000000_M256_steps44.phase4_auto_reducibility_audit.json
0.9666,512,1.140969061665734,2.99482660892636e-13,0.14807228254487703,0.14807228254487703,0.00930892304638764,0.00044484778859388285,1.2837475578806,-0.1478071309093048,4.697544871132008,3.413797313251408,0.5547201130670633,4.945153743489076,1.8027109103201102,2.220446049250313e-16,1.003,3.8387682739414837,0.021132256477129997,5.558029846545725,1820.8483722736694,-171728021.98365748,False,weak_or_needs_auto_reducibility_improvement,1,artifacts/proof_audit/theorem_iii_trackb/phase1_seed/embeddings/K0p9666000000_M512_steps44.npz,artifacts/proof_audit/theorem_iii_trackb/phase4_auto_reducibility/records/K0p9666000000_M512_steps44.phase4_auto_reducibility_audit.json
0.9666,1024,1.042990639824287,1.49741330446318e-14,0.0016533702235891345,0.0016533702235891345,6.893641569760689e-05,6.636769601442438e-06,1.2489281845750684,-0.12709224882364745,4.052757535790394,2.8038293512153256,0.6043364119940425,4.663667314019721,1.6547075108389429,2.220446049250313e-16,1.003,4.840430897332953,0.0005438632467098714,0.12672759522239876,1647.5820556883123,-247055513.14716893,False,weak_or_needs_auto_reducibility_improvement,1,artifacts/proof_audit/theorem_iii_trackb/phase1_seed/embeddings/K0p9666000000_M1024_steps44.npz,artifacts/proof_audit/theorem_iii_trackb/phase4_auto_reducibility/records/K0p9666000000_M1024_steps44.phase4_auto_reducibility_audit.json
0.967,128,1.065193764073118,3.1710745140856034e-15,0.018556475721034804,0.018556475721034804,0.013396830202549559,0.0009684769339419752,1.2171283844317409,-0.11072203410918574,3.448845681308493,2.2317172968767522,0.6561026792301328,3.5594337415182733,1.5241516787789897,2.220446049250313e-16,1.003,2.9191457261742806,0.01564294505735575,0.6543809486281733,1065.0115810094967,-58082516.8627927,False,weak_or_needs_auto_reducibility_improvement,1,artifacts/proof_audit/theorem_iii_trackb/phase1_seed/embeddings/K0p9670000000_M128_steps44.npz,artifacts/proof_audit/theorem_iii_trackb/phase4_auto_reducibility/records/K0p9670000000_M128_steps44.phase4_auto_reducibility_audit.json
0.967,256,1.1100610108233182,5.941913627793838e-13,0.015385119934700153,0.015385119934700153,0.0028411656761577753,0.0001966955357932676,1.2403477484063825,-0.1353319044966672,4.122013570139397,2.8816658217330144,0.5970940972298187,4.085004200164758,1.6747779029125198,2.220446049250313e-16,1.003,3.3067875057955205,0.004338168501575434,0.48596973635645946,1324.5409479999053,-92695238.43544075,False,weak_or_needs_auto_reducibility_improvement,1,artifacts/proof_audit/theorem_iii_trackb/phase1_seed/embeddings/K0p9670000000_M256_steps44.npz,artifacts/proof_audit/theorem_iii_trackb/phase4_auto_reducibility/records/K0p9670000000_M256_steps44.phase4_auto_reducibility_audit.json
0.967,512,1.1409690616657227,4.377609386096992e-13,0.2498002923176338,0.2498002923176338,0.014582171604024197,0.0007104005379070522,1.3338484699208277,-0.17418384782725538,5.279956965264031,3.946108495343203,0.5187843586879036,5.278644523743746,1.9275831725713066,2.220446049250313e-16,1.003,3.838768273941506,0.0328428498394044,9.202844099517607,2038.1525218425795,-192223379.87167367,False,weak_or_needs_auto_reducibility_improvement,1,artifacts/proof_audit/theorem_iii_trackb/phase1_seed/embeddings/K0p9670000000_M512_steps44.npz,artifacts/proof_audit/theorem_iii_trackb/phase4_auto_reducibility/records/K0p9670000000_M512_steps44.phase4_auto_reducibility_audit.json
0.967,1024,1.0429906398242867,1.3656610564627414e-14,0.002059042033802694,0.002059042033802694,8.780413135489606e-05,8.21211171531111e-06,1.2539112753087145,-0.12882327512544361,4.120476987941416,2.8665657126327013,0.5993954075655823,4.755738255788474,1.6683477840803875,2.220446049250313e-16,1.003,4.840430897332951,0.0006860307051767605,0.15800417129818722,1702.6637661131228,-255315057.26823872,False,weak_or_needs_auto_reducibility_improvement,1,artifacts/proof_audit/theorem_iii_trackb/phase1_seed/embeddings/K0p9670000000_M1024_steps44.npz,artifacts/proof_audit/theorem_iii_trackb/phase4_auto_reducibility/records/K0p9670000000_M1024_steps44.phase4_auto_reducibility_audit.json
0.9675,128,1.065193764073118,2.491062911502695e-15,0.01925010154894946,0.01925010154894946,0.013899279232009842,0.0010005867679696578,1.2194781797349954,-0.11133748108844638,3.46252444444683,2.2430462647118348,0.6548911404462485,3.5800404696481825,1.5269713365164648,2.220446049250313e-16,1.003,2.919145726174281,0.016224457549472226,0.6788407909223987,1075.1094739706716,-58633231.720143676,False,weak_or_needs_auto_reducibility_improvement,1,artifacts/proof_audit/theorem_iii_trackb/phase1_seed/embeddings/K0p9675000000_M128_steps44.npz,artifacts/proof_audit/theorem_iii_trackb/phase4_auto_reducibility/records/K0p9675000000_M128_steps44.phase4_auto_reducibility_audit.json
0.9675,256,1.1100610108233115,7.162326287613041e-13,0.01658707979736762,0.01658707979736762,0.0030682164121937916,0.00021139833491967686,1.2444729630929996,-0.13749561042928843,4.179654967616829,2.935182004523829,0.5928557901033472,4.128024990916659,1.6867508367012474,2.220446049250313e-16,1.003,3.3067875057955414,0.004682286428532323,0.524608143402121,1347.6099287662942,-94309685.11704282,False,weak_or_needs_auto_reducibility_improvement,1,artifacts/proof_audit/theorem_iii_trackb/phase1_seed/embeddings/K0p9675000000_M256_steps44.npz,artifacts/proof_audit/theorem_iii_trackb/phase4_auto_reducibility/records/K0p9675000000_M256_steps44.phase4_auto_reducibility_audit.json
0.9675,1024,1.0429906398242865,1.50938289644742e-14,0.0027009838079368187,0.0027009838079368187,0.0001186998762124393,1.0722845593447161e-05,1.260741529047591,-0.13113106450554846,4.215186283503067,2.9544447544554764,0.5926768490014552,4.880364476889708,1.6872601008202106,2.220446049250313e-16,1.003,4.840430897332945,0.0009163035850271309,0.2076967170963549,1778.666483442263,-266711724.72249675,False,weak_or_needs_auto_reducibility_improvement,1,artifacts/proof_audit/theorem_iii_trackb/phase1_seed/embeddings/K0p9675000000_M1024_steps44.npz,artifacts/proof_audit/theorem_iii_trackb/phase4_auto_reducibility/records/K0p9675000000_M1024_steps44.phase4_auto_reducibility_audit.json
0.968,128,1.0651937640731175,3.982925100842749e-15,0.01996875469979198,0.01996875469979198,0.014420483251283756,0.0010337280154584239,1.2218834042164917,-0.11195868716435842,3.4763717466805346,2.254488342464043,0.6536723907642574,3.6009285082190368,1.5298183220356376,2.220446049250313e-16,1.003,2.9191457261742775,0.01682740415775199,0.7041909568114264,1085.3913106387442,-59193978.52985543,False,weak_or_needs_auto_reducibility_improvement,1,artifacts/proof_audit/theorem_iii_trackb/phase1_seed/embeddings/K0p9680000000_M128_steps44.npz,artifacts/proof_audit/theorem_iii_trackb/phase4_auto_reducibility/records/K0p9680000000_M128_steps44.phase4_auto_reducibility_audit.json
0.968,256,1.110061010823309,8.577860644010116e-13,0.01787980230159336,0.01787980230159336,0.0033133852152213983,0.00022716677782153027,1.248788140759503,-0.1397584317423073,4.240069177146151,2.991281036386648,0.5884992137879829,4.172186132583145,1.6992376142073613,2.220446049250313e-16,1.003,3.306787505795557,0.0050533510826641335,0.5662225108061825,1371.493916854477,-95981169.24257709,False,weak_or_needs_auto_reducibility_improvement,1,artifacts/proof_audit/theorem_iii_trackb/phase1_seed/embeddings/K0p9680000000_M256_steps44.npz,artifacts/proof_audit/theorem_iii_trackb/phase4_auto_reducibility/records/K0p9680000000_M256_steps44.phase4_auto_reducibility_audit.json
0.968,1024,1.0429906398242872,1.4028708750224439e-14,0.0035299363218442847,0.0035299363218442847,0.00016025729209420345,1.4024977486370993e-05,1.2683582609592028,-0.1338711845208429,4.323006972112591,3.054648711153388,0.5852871348126113,5.016729110246871,1.7085630975301818,2.220446049250313e-16,1.003,4.84043089733294,0.0012223334363301826,0.2728329719290908,1863.7314022848375,-279467280.1326384,False,weak_or_needs_auto_reducibility_improvement,1,artifacts/proof_audit/theorem_iii_trackb/phase1_seed/embeddings/K0p9680000000_M1024_steps44.npz,artifacts/proof_audit/theorem_iii_trackb/phase4_auto_reducibility/records/K0p9680000000_M1024_steps44.phase4_auto_reducibility_audit.json
0.9685,128,1.0651937640731177,2.6020852139652106e-15,0.020713285930864966,0.020713285930864966,0.014961126552256232,0.0010679319507596041,1.224345721920227,-0.11258574688707096,3.4903899428227745,2.2660442209025478,0.6524464304937415,3.6221012712798766,1.5326928821470382,2.220446049250313e-16,1.003,2.9191457261742784,0.01745255298534512,0.7304623075486945,1095.860762212488,-59764957.515432596,False,weak_or_needs_auto_reducibility_improvement,1,artifacts/proof_audit/theorem_iii_trackb/phase1_seed/embeddings/K0p9685000000_M128_steps44.npz,artifacts/proof_audit/theorem_iii_trackb/phase4_auto_reducibility/records/K0p9685000000_M128_steps44.phase4_auto_reducibility_audit.json
0.9685,256,1.110061010823307,1.0262346528122634e-12,0.0192697439493954,0.0192697439493954,0.003578088827378423,0.00024407395920600372,1.2533047912329416,-0.14212652328685516,4.303422056214358,3.0501172649814166,0.584021979107256,4.217514375161074,1.7122643252718224,2.220446049250313e-16,1.003,3.3067875057955853,0.005453396268494792,0.6110255664216736,1396.2242604054024,-97711884.70523988,False,weak_or_needs_auto_reducibility_improvement,1,artifacts/proof_audit/theorem_iii_trackb/phase1_seed/embeddings/K0p9685000000_M256_steps44.npz,artifacts/proof_audit/theorem_iii_trackb/phase4_auto_reducibility/records/K0p9685000000_M256_steps44.phase4_auto_reducibility_audit.json
0.9685,1024,1.0429906398242883,1.4422490979271174e-14,0.004593620050918679,0.004593620050918679,0.00021600587930048487,1.8301234892659224e-05,1.2769160664381565,-0.13707529809569186,4.446403894427793,3.169487827989637,0.5771487326157122,5.166152499145838,1.7326556284163903,2.220446049250313e-16,1.003,4.840430897332945,0.0016273148353361535,0.3582897081911538,1959.2269575536682,-293786922.9359693,False,weak_or_needs_auto_reducibility_improvement,1,artifacts/proof_audit/theorem_iii_trackb/phase1_seed/embeddings/K0p9685000000_M1024_steps44.npz,artifacts/proof_audit/theorem_iii_trackb/phase4_auto_reducibility/records/K0p9685000000_M1024_steps44.phase4_auto_reducibility_audit.json
0.969,128,1.0651937640731175,3.649858193455202e-15,0.021484571847593115,0.021484571847593115,0.015521916686613402,0.0011032306869713793,1.2268668488911199,-0.1132187557186014,3.504581428577856,2.277714579686736,0.6512132601760834,3.643562158354938,1.535595266794179,2.220446049250313e-16,1.003,2.919145726174281,0.018100697543204456,0.7576866740448325,1106.5215561452126,-60346371.96856146,False,weak_or_needs_auto_reducibility_improvement,1,artifacts/proof_audit/theorem_iii_trackb/phase1_seed/embeddings/K0p9690000000_M128_steps44.npz,artifacts/proof_audit/theorem_iii_trackb/phase4_auto_reducibility/records/K0p9690000000_M128_steps44.phase4_auto_reducibility_audit.json
0.969,256,1.1100610108233,1.2242706848297757e-12,0.020763773030895383,0.020763773030895383,0.0038638480673882647,0.00026219748668587783,1.2580351438812303,-0.14460647630505952,4.369890928451204,3.1118557845699737,0.5794217797252574,4.2640361957295685,1.7258584937455523,2.220446049250313e-16,1.003,3.3067875057956155,0.005884596156406436,0.6592433119192957,1421.8332044922902,-99504088.17174767,False,weak_or_needs_auto_reducibility_improvement,1,artifacts/proof_audit/theorem_iii_trackb/phase1_seed/embeddings/K0p9690000000_M256_steps44.npz,artifacts/proof_audit/theorem_iii_trackb/phase4_auto_reducibility/records/K0p9690000000_M256_steps44.phase4_auto_reducibility_audit.json
0.969,1024,1.0429906398242879,1.259929660601955e-14,0.005948680070540946,0.005948680070540946,0.00029055147795245886,2.3885434100034963e-05,1.286605425961123,-0.14066563394942788,4.588342610419899,3.3017371844587764,0.5681811492061754,5.3300491474957585,1.760002072221391,3.3306690738754696e-16,1.003,4.84043089733294,0.002161778955589949,0.46890683746046635,2066.7208894305386,-309905738.4874542,False,weak_or_needs_auto_reducibility_improvement,1,artifacts/proof_audit/theorem_iii_trackb/phase1_seed/embeddings/K0p9690000000_M1024_steps44.npz,artifacts/proof_audit/theorem_iii_trackb/phase4_auto_reducibility/records/K0p9690000000_M1024_steps44.phase4_auto_reducibility_audit.json
0.9695,128,1.0651937640731177,5.814793091474257e-15,0.022283515514497365,0.022283515514497365,0.01610358510860488,0.0011396571915727183,1.2294485547063945,-0.11385781001484113,3.5189486417002707,2.2895000869938764,0.649972880547454,3.665314551146553,1.5385257291930827,2.220446049250313e-16,1.003,2.9191457261742766,0.018772657415963352,0.7858968809361606,1117.3774757209142,-60938428.2260002,False,weak_or_needs_auto_reducibility_improvement,1,artifacts/proof_audit/theorem_iii_trackb/phase1_seed/embeddings/K0p9695000000_M128_steps44.npz,artifacts/proof_audit/theorem_iii_trackb/phase4_auto_reducibility/records/K0p9695000000_M128_steps44.phase4_auto_reducibility_audit.json
0.9695,256,1.1100610108232962,1.459415921445384e-12,0.022369191158601254,0.022369191158601254,0.004172294281109323,0.0002816197087169847,1.262992188805534,-0.1472053538330057,4.43966550048314,3.176673311677606,0.5746964053860064,4.311777704527631,1.7400491644424503,3.3306690738754696e-16,1.003,3.3067875057956506,0.006349272984266321,0.7111197014197521,1448.3538736068826,-101360097.85791257,False,weak_or_needs_auto_reducibility_improvement,1,artifacts/proof_audit/theorem_iii_trackb/phase1_seed/embeddings/K0p9695000000_M256_steps44.npz,artifacts/proof_audit/theorem_iii_trackb/phase4_auto_reducibility/records/K0p9695000000_M256_steps44.phase4_auto_reducibility_audit.json
0.9695,1024,1.0429906398242872,1.301736496372996e-14,0.007660844904239905,0.007660844904239905,0.00038985314763540294,3.1443716970502855e-05,1.2976608689507731,-0.14471078670963045,4.752402993857462,3.454742124906689,0.5583027577778721,5.509912584087471,1.7911428630231894,2.220446049250313e-16,1.003,4.840430897332947,0.002864284216742192,0.6113327185014352,2187.9968820362606,-328091193.7517894,False,weak_or_needs_auto_reducibility_improvement,1,artifacts/proof_audit/theorem_iii_trackb/phase1_seed/embeddings/K0p9695000000_M1024_steps44.npz,artifacts/proof_audit/theorem_iii_trackb/phase4_auto_reducibility/records/K0p9695000000_M1024_steps44.phase4_auto_reducibility_audit.json
0.97,128,1.0651937640731175,2.220446049250313e-15,0.023111047136772145,0.023111047136772145,0.016706887821390737,0.001177245292160345,1.2320926640442558,-0.11450300705194844,3.533494061736115,2.3014013976918593,0.6487252923365242,3.6873618100703642,1.5414845263675232,2.220446049250313e-16,1.003,2.9191457261742784,0.01946927892917779,0.8151267717192129,1128.432359518651,-61541335.64037464,False,weak_or_needs_auto_reducibility_improvement,1,artifacts/proof_audit/theorem_iii_trackb/phase1_seed/embeddings/K0p9700000000_M128_steps44.npz,artifacts/proof_audit/theorem_iii_trackb/phase4_auto_reducibility/records/K0p9700000000_M128_steps44.phase4_auto_reducibility_audit.json
0.97,256,1.1100610108232887,1.72492575778449e-12,0.02409375395047375,0.02409375395047375,0.004505176090663809,0.00030242792866741475,1.2681897188678097,-0.14993072866242863,4.512948841488416,3.244759122620606,0.56984375717417,4.360764530987079,1.7548669918908222,2.220446049250313e-16,1.003,3.306787505795693,0.006849904884799261,0.7671660218713514,1475.8202407343492,-103282291.43038249,False,weak_or_needs_auto_reducibility_improvement,1,artifacts/proof_audit/theorem_iii_trackb/phase1_seed/embeddings/K0p9700000000_M256_steps44.npz,artifacts/proof_audit/theorem_iii_trackb/phase4_auto_reducibility/records/K0p9700000000_M256_steps44.phase4_auto_reducibility_audit.json
0.97,1024,1.042990639824287,1.5557000132560006e-14,0.009804349855624839,0.009804349855624839,0.0005215473627784954,4.128644935263992e-05,1.3103708875183044,-0.14929271768119068,4.94292868280476,3.632557795286455,0.5474329089942067,5.707294493664043,1.8267078642336108,2.220446049250313e-16,1.003,4.840430897332949,0.0037834810110367522,0.793640587121099,2325.075869130356,-348646331.95595145,False,weak_or_needs_auto_reducibility_improvement,1,artifacts/proof_audit/theorem_iii_trackb/phase1_seed/embeddings/K0p9700000000_M1024_steps44.npz,artifacts/proof_audit/theorem_iii_trackb/phase4_auto_reducibility/records/K0p9700000000_M1024_steps44.phase4_auto_reducibility_audit.json
0.9705,128,1.065193764073118,1.1789180742738381e-14,0.02396812460098008,0.02396812460098008,0.01733260603098108,0.0012160297036132306,1.2348010582955684,-0.11515444495226645,3.548220213148326,2.3134191548527574,0.647470496402529,3.7097072707139405,1.5444719188846334,2.220446049250313e-16,1.003,2.9191457261742855,0.02019143582207098,0.8454112322775672,1139.6901008078667,-62155306.54720488,False,weak_or_needs_auto_reducibility_improvement,1,artifacts/proof_audit/theorem_iii_trackb/phase1_seed/embeddings/K0p9705000000_M128_steps44.npz,artifacts/proof_audit/theorem_iii_trackb/phase4_auto_reducibility/records/K0p9705000000_M128_steps44.phase4_auto_reducibility_audit.json
0.9705,256,1.1100610108232822,2.041700142285663e-12,0.025945694241266026,0.025945694241266026,0.004864366313567903,0.0003247146443858817,1.27364237542913,-0.15279072599599064,4.589958484383944,3.3163161089548137,0.5648618612880849,4.4110217252003965,1.7703443417469293,2.220446049250313e-16,1.003,3.306787505795742,0.00738913387832892,0.8277024488352084,1504.2671030027095,-105273104.1812364,False,weak_or_needs_auto_reducibility_improvement,1,artifacts/proof_audit/theorem_iii_trackb/phase1_seed/embeddings/K0p9705000000_M256_steps44.npz,artifacts/proof_audit/theorem_iii_trackb/phase4_auto_reducibility/records/K0p9705000000_M256_steps44.phase4_auto_reducibility_audit.json
0.9705,1024,1.0429906398242876,1.315874492702207e-14,0.012460253992410242,0.012460253992410242,0.0006953145473142606,5.4063473937437934e-05,1.3250900814599538,-0.1545096282520355,5.165223690126682,3.8401336086667284,0.5354943964352231,5.923776982496318,1.8674331732637774,2.220446049250313e-16,1.003,4.8404308973329515,0.004980271278201538,1.025696991711202,2480.234802992398,-371912587.13569564,False,weak_or_needs_auto_reducibility_improvement,1,artifacts/proof_audit/theorem_iii_trackb/phase1_seed/embeddings/K0p9705000000_M1024_steps44.npz,artifacts/proof_audit/theorem_iii_trackb/phase4_auto_reducibility/records/K0p9705000000_M1024_steps44.phase4_auto_reducibility_audit.json
0.971,128,1.0651937640731177,7.424616477180734e-15,0.024855734114639927,0.024855734114639927,0.017981546801985715,0.0012560460411166208,1.2375756772150817,-0.115812222675093,3.563129666231768,2.3255539890166865,0.6462084936427289,3.732354240135447,1.5474881711364086,2.220446049250313e-16,1.003,2.919145726174283,0.02094002991902459,0.8767862158005834,1151.1546468269994,-62780556.22556868,False,weak_or_needs_auto_reducibility_improvement,1,artifacts/proof_audit/theorem_iii_trackb/phase1_seed/embeddings/K0p9710000000_M128_steps44.npz,artifacts/proof_audit/theorem_iii_trackb/phase4_auto_reducibility/records/K0p9710000000_M128_steps44.phase4_auto_reducibility_audit.json
0.971,256,1.1100610108232738,2.407601895626499e-12,0.027933743846193626,0.027933743846193626,0.005251868965169493,0.00034857778054031563,1.2793656946187486,-0.1557940689733861,4.67092759850687,3.391561903888121,0.5597488853480245,4.462573633457216,1.7865153931985926,2.220446049250313e-16,1.003,3.3067875057957963,0.007969773780804835,0.8928519483641899,1533.7300415117436,-107335026.2150776,False,weak_or_needs_auto_reducibility_improvement,1,artifacts/proof_audit/theorem_iii_trackb/phase1_seed/embeddings/K0p9710000000_M256_steps44.npz,artifacts/proof_audit/theorem_iii_trackb/phase4_auto_reducibility/records/K0p9710000000_M256_steps44.phase4_auto_reducibility_audit.json
0.971,1024,1.0429906398242856,1.4450246554886803e-14,0.01571338403033229,0.01571338403033229,0.0009232828907947809,7.059886340021748e-05,1.3422544355275625,-0.1604796666682281,5.425821576725833,4.083567141198271,0.5224158514567251,6.160940295776908,1.9141838771001307,2.220446049250313e-16,1.003,4.840430897332958,0.006530297038827404,1.3191898412861556,2656.021672970922,-398272036.1858755,False,weak_or_needs_auto_reducibility_improvement,1,artifacts/proof_audit/theorem_iii_trackb/phase1_seed/embeddings/K0p9710000000_M1024_steps44.npz,artifacts/proof_audit/theorem_iii_trackb/phase4_auto_reducibility/records/K0p9710000000_M1024_steps44.phase4_auto_reducibility_audit.json
0.97125,128,1.0651937640731177,1.4710455076283324e-14,0.02531130450502972,0.02531130450502972,0.01831498508875784,0.0012765275577502067,1.2389884434739202,-0.1161435201347194,3.57065394642479,2.33166550295087,0.6455747899266138,3.7437918153537626,1.5490072035087923,2.220446049250313e-16,1.003,2.9191457261742864,0.021324530584599967,0.8928941873712279,1156.9657196785329,-63097478.67271168,False,weak_or_needs_auto_reducibility_improvement,1,artifacts/proof_audit/theorem_iii_trackb/phase1_seed/embeddings/K0p9712500000_M128_steps44.npz,artifacts/proof_audit/theorem_iii_trackb/phase4_auto_reducibility/records/K0p9712500000_M128_steps44.phase4_auto_reducibility_audit.json
0.97125,256,1.1100610108232698,2.611244553918368e-12,0.028981680644357466,0.028981680644357466,0.005456901381588608,0.00036113265069714906,1.2823339646456091,-0.15735239695338976,4.712974417737813,3.430640453092204,0.557142712134308,4.4888424933970805,1.7948722620263482,2.220446049250313e-16,1.003,3.3067875057958265,0.008276551110155008,0.9272480000678005,1548.853863860206,-108393445.76002935,False,weak_or_needs_auto_reducibility_improvement,1,artifacts/proof_audit/theorem_iii_trackb/phase1_seed/embeddings/K0p9712500000_M256_steps44.npz,artifacts/proof_audit/theorem_iii_trackb/phase4_auto_reducibility/records/K0p9712500000_M256_steps44.phase4_auto_reducibility_audit.json
0.97125,1024,1.0429906398242805,3.422956362797436e-14,0.01759032829300189,0.01759032829300189,0.0010621573427415359,8.059250117742334e-05,1.3519167967828563,-0.16379064507418062,5.572951460920771,4.221034664137914,0.5154288810111813,6.28776187473409,1.9401318723897947,2.220446049250313e-16,1.003,4.840430897332977,0.0074658555801293,1.4931692236293677,2752.5222806781635,-412742421.4202178,False,weak_or_needs_auto_reducibility_improvement,1,artifacts/proof_audit/theorem_iii_trackb/phase1_seed/embeddings/K0p9712500000_M1024_steps44.npz,artifacts/proof_audit/theorem_iii_trackb/phase4_auto_reducibility/records/K0p9712500000_M1024_steps44.phase4_auto_reducibility_audit.json
0.9715,128,1.065193764073118,9.166278847061449e-15,0.025774890883224932,0.025774890883224932,0.018654543717971706,0.0012973308278700912,1.240418520616803,-0.11647644002419955,3.5782250374920572,2.337806516875254,0.6449392848431835,3.7553059930469406,1.5505335517639451,2.220446049250313e-16,1.003,2.919145726174275,0.02171599180418346,0.9092887683543402,1162.8299979631406,-63417302.85336982,False,weak_or_needs_auto_reducibility_improvement,1,artifacts/proof_audit/theorem_iii_trackb/phase1_seed/embeddings/K0p9715000000_M128_steps44.npz,artifacts/proof_audit/theorem_iii_trackb/phase4_auto_reducibility/records/K0p9715000000_M128_steps44.phase4_auto_reducibility_audit.json
0.9715,256,1.1100610108232654,2.8296809340133677e-12,0.03006715738712551,0.03006715738712551,0.005669826575903869,0.0003741705891815439,1.2853761572350793,-0.15895012940240583,4.756106296982479,3.4707301397474,0.5545031536236079,4.5154437844723585,1.8034162537491925,2.220446049250313e-16,1.003,3.30678750579586,0.008594818295571814,0.9629140361994163,1564.2453840024464,-109470599.93540639,False,weak_or_needs_auto_reducibility_improvement,1,artifacts/proof_audit/theorem_iii_trackb/phase1_seed/embeddings/K0p9715000000_M256_steps44.npz,artifacts/proof_audit/theorem_iii_trackb/phase4_auto_reducibility/records/K0p9715000000_M256_steps44.phase4_auto_reducibility_audit.json
0.9715,1024,1.0429906398242814,4.481900961472718e-13,0.019647433828117622,0.019647433828117622,0.0012204482608066166,9.193766782111812e-05,1.3624009123150351,-0.16734560845919566,5.73285038976197,4.370449477446935,0.5081342748750666,6.420323804219123,1.9679837583203124,2.220446049250313e-16,1.003,4.840430897333442,0.008525715183118683,1.687837850209193,2855.260263263882,-428148112.3733605,False,weak_or_needs_auto_reducibility_improvement,1,artifacts/proof_audit/theorem_iii_trackb/phase1_seed/embeddings/K0p9715000000_M1024_steps44.npz,artifacts/proof_audit/theorem_iii_trackb/phase4_auto_reducibility/records/K0p9715000000_M1024_steps44.phase4_auto_reducibility_audit.json
0.9716,128,1.0651937640731177,5.3637649877202875e-15,0.025962599338057113,0.025962599338057113,0.018792105099793233,0.0013057432758787346,1.2409954565489594,-0.11661006509852762,3.581266655218695,2.3402711986697358,0.644684578387588,3.7599332033088393,1.5511461473160826,2.220446049250313e-16,1.003,2.919145726174282,0.021874552271478526,0.915927925801975,1165.1907205237392,-63546051.21352023,False,weak_or_needs_auto_reducibility_improvement,1,artifacts/proof_audit/theorem_iii_trackb/phase1_seed/embeddings/K0p9716000000_M128_steps44.npz,artifacts/proof_audit/theorem_iii_trackb/phase4_auto_reducibility/records/K0p9716000000_M128_steps44.phase4_auto_reducibility_audit.json
0.9716,256,1.1100610108232631,2.9208024887594775e-12,0.03051213637101191,0.03051213637101191,0.005757271418943333,0.00037954145179885934,1.286614226827318,-0.15960054118991085,4.773670472542088,3.4870562457147702,0.5534379411114757,4.526178009368747,1.8068873232501705,2.220446049250313e-16,1.003,3.3067875057958744,0.008725432330487885,0.9775458351914038,1570.477987598676,-109906780.09797756,False,weak_or_needs_auto_reducibility_improvement,1,artifacts/proof_audit/theorem_iii_trackb/phase1_seed/embeddings/K0p9716000000_M256_steps44.npz,artifacts/proof_audit/theorem_iii_trackb/phase4_auto_reducibility/records/K0p9716000000_M256_steps44.phase4_auto_reducibility_audit.json
0.9716,1024,1.0429906398242812,9.226230890391207e-13,0.02052279722683381,0.02052279722683381,0.0012897288560974746,9.689264021983668e-05,1.3668438515169725,-0.16884091564027837,5.800681661477295,4.433837809960322,0.5051288779776065,6.474996277476838,1.9796927944482563,2.220446049250313e-16,1.003,4.840430897333995,0.008987709000115146,1.771982212601615,2898.190714943671,-434585589.20317024,False,weak_or_needs_auto_reducibility_improvement,1,artifacts/proof_audit/theorem_iii_trackb/phase1_seed/embeddings/K0p9716000000_M1024_steps44.npz,artifacts/proof_audit/theorem_iii_trackb/phase4_auto_reducibility/records/K0p9716000000_M1024_steps44.phase4_auto_reducibility_audit.json
0.971635,128,1.065193764073118,4.649058915617843e-16,0.026028606832927625,0.026028606832927625,0.018840488324793014,0.0013087000302205443,1.2411980513858025,-0.11665689582355698,3.582333007664034,2.3411349562782315,0.6445953630557307,3.76155564250173,1.5513608339648286,2.220446049250313e-16,1.003,2.91914572617428,0.0219303175564509,0.9182627035576081,1166.0190098308926,-63591224.20197411,False,weak_or_needs_auto_reducibility_improvement,1,artifacts/proof_audit/theorem_iii_trackb/phase1_seed/embeddings/K0p9716350000_M128_steps44.npz,artifacts/proof_audit/theorem_iii_trackb/phase4_auto_reducibility/records/K0p9716350000_M128_steps44.phase4_auto_reducibility_audit.json
0.971635,256,1.1100610108232631,2.9379831900655518e-12,0.03066935988307906,0.03066935988307906,0.005788189951871026,0.00038143851346650326,1.2870504557970626,-0.15982973866868544,4.7798606503542285,3.492810194557166,0.5530638457680735,4.529947692327991,1.8081095114999588,2.220446049250313e-16,1.003,3.3067875057958807,0.008771601677427658,0.982717172855706,1572.669748881816,-110060167.49391213,False,weak_or_needs_auto_reducibility_improvement,1,artifacts/proof_audit/theorem_iii_trackb/phase1_seed/embeddings/K0p9716350000_M256_steps44.npz,artifacts/proof_audit/theorem_iii_trackb/phase4_auto_reducibility/records/K0p9716350000_M256_steps44.phase4_auto_reducibility_audit.json
0.971635,1024,1.0429906398242799,5.707517791719852e-13,0.020836362724885427,0.020836362724885427,0.0013148309258450563,9.868741151941585e-05,1.3684343216053776,-0.1693746803054076,5.8249735642957505,4.456539242690373,0.5040650475635294,6.494357590913816,1.9838709405336536,2.220446049250313e-16,1.003,4.840430897332284,0.00915484130056771,1.8023308422132096,2913.472144591547,-436877059.5235806,False,weak_or_needs_auto_reducibility_improvement,1,artifacts/proof_audit/theorem_iii_trackb/phase1_seed/embeddings/K0p9716350000_M1024_steps44.npz,artifacts/proof_audit/theorem_iii_trackb/phase4_auto_reducibility/records/K0p9716350000_M1024_steps44.phase4_auto_reducibility_audit.json
0.97165,128,1.0651937640731175,3.0531133177191805e-15,0.026056945051638913,0.026056945051638913,0.018861261702650012,0.0013099691843012629,1.2412849839746776,-0.11667697598229942,3.5827902997943144,2.341505315819637,0.6445571171101621,3.762251436861169,1.5514528867254578,2.220446049250313e-16,1.003,2.9191457261742784,0.021954259829112314,0.9192650860018978,1166.3743148162384,-63610601.71660155,False,weak_or_needs_auto_reducibility_improvement,1,artifacts/proof_audit/theorem_iii_trackb/phase1_seed/embeddings/K0p9716500000_M128_steps44.npz,artifacts/proof_audit/theorem_iii_trackb/phase4_auto_reducibility/records/K0p9716500000_M128_steps44.phase4_auto_reducibility_audit.json
0.97165,256,1.1100610108232627,2.951722199995288e-12,0.030736977964469614,0.030736977964469614,0.0058014907585306474,0.00038225429524629817,1.2872378748469138,-0.15992821431595972,4.782520406284594,3.4952825314376805,0.552903317250129,4.531565290559189,1.8086344733352504,2.220446049250313e-16,1.003,3.3067875057958815,0.008791461157375655,0.9849414863924256,1573.6107236247644,-110126020.31692229,False,weak_or_needs_auto_reducibility_improvement,1,artifacts/proof_audit/theorem_iii_trackb/phase1_seed/embeddings/K0p9716500000_M256_steps44.npz,artifacts/proof_audit/theorem_iii_trackb/phase4_auto_reducibility/records/K0p9716500000_M256_steps44.phase4_auto_reducibility_audit.json
0.97165,1024,1.0429906398242805,8.193792866428851e-13,0.020971999908594108,0.020971999908594108,0.0013257275848898315,9.946559653828402e-05,1.3691216900499752,-0.16960505969715223,5.835473143796769,4.466351453746793,0.5036072157852686,6.502691333007866,1.9856744872900842,2.220446049250313e-16,1.003,4.840430897333876,0.009227349853624178,1.8154835121294717,2920.062405807502,-437865277.81966984,False,weak_or_needs_auto_reducibility_improvement,1,artifacts/proof_audit/theorem_iii_trackb/phase1_seed/embeddings/K0p9716500000_M1024_steps44.npz,artifacts/proof_audit/theorem_iii_trackb/phase4_auto_reducibility/records/K0p9716500000_M1024_steps44.phase4_auto_reducibility_audit.json
