K,M,residual_linf,u_l1,u_tail_075_ratio_plain,u_tail_090_ratio_plain,u_decay_strip,u_decay_nu,u_decay_r2,recommended_nu_quarter_fit,recommended_nu_half_fit,recommendation_label,recommendation_score,rep_nu,rep_u_l1_nu,rep_residual_l1_nu,rep_u_tail_075_weighted_ratio,npz_path,record_path
0.9663,128,8.743006318923108e-16,0.08861355298195643,0.0040016633381084726,0.00044778488392181054,0.09947157632047136,1.1045870738647487,0.6524721232102785,1.0251796792737553,1.05099337479584,strong_phase2_candidate,5,1.005,0.09041320179912421,1.1138838940131667e-15,0.005152357325141864,artifacts/proof_audit/theorem_iii_trackb/phase1_seed/embeddings/K0p9663000000_M128_steps44.npz,artifacts/proof_audit/theorem_iii_trackb/phase2_tail_audit/records/K0p9663000000_M128_steps44.phase2_tail_audit.json
0.9663,256,4.595213098923523e-13,0.08965679154924865,0.0008173930936164152,6.606504341937202e-05,0.050507706844616765,1.0518049694212337,0.5834625847238908,1.012706982950136,1.025575433315967,strong_phase2_candidate,6,1.005,0.09188566360335221,1.2649901719355434e-12,0.0013484091336685338,artifacts/proof_audit/theorem_iii_trackb/phase1_seed/embeddings/K0p9663000000_M256_steps44.npz,artifacts/proof_audit/theorem_iii_trackb/phase2_tail_audit/records/K0p9663000000_M256_steps44.phase2_tail_audit.json
0.9663,512,2.145505995088115e-14,0.09033977471578944,0.0025510675600804674,0.001686603846388389,0.026111801842725227,1.0264557016974372,0.5723819778893994,1.0065493039688833,1.0131415013202436,strong_phase2_candidate,5,1.005,0.09347770553670945,9.825289391553148e-14,0.007707593719394521,artifacts/proof_audit/theorem_iii_trackb/phase1_seed/embeddings/K0p9663000000_M512_steps44.npz,artifacts/proof_audit/theorem_iii_trackb/phase2_tail_audit/records/K0p9663000000_M512_steps44.phase2_tail_audit.json
0.9663,1024,1.203984828501703e-14,0.09016423312763752,5.98280830197926e-05,6.235437386961601e-06,0.018866835535101864,1.019045938874594,0.7412533461357509,1.0047278500648045,1.0094780526958445,strong_phase2_candidate,6,1.005,0.09311038453582068,1.3200701834038627e-13,0.0004571232539450731,artifacts/proof_audit/theorem_iii_trackb/phase1_seed/embeddings/K0p9663000000_M1024_steps44.npz,artifacts/proof_audit/theorem_iii_trackb/phase2_tail_audit/records/K0p9663000000_M1024_steps44.phase2_tail_audit.json
0.9666,128,2.0775048348298242e-14,0.08873097523578652,0.004054408698107004,0.000454038065134658,0.09916760040399011,1.1042513570241397,0.6512202422038813,1.025101774750789,1.0508336485972172,strong_phase2_candidate,5,1.005,0.09053978395574691,4.4255948361258734e-14,0.005219878638895171,artifacts/proof_audit/theorem_iii_trackb/phase1_seed/embeddings/K0p9666000000_M128_steps44.npz,artifacts/proof_audit/theorem_iii_trackb/phase2_tail_audit/records/K0p9666000000_M128_steps44.phase2_tail_audit.json
0.9666,256,5.115075030204252e-13,0.08980064892489485,0.0008399005754760164,6.802818071414712e-05,0.05019689111077029,1.0514781026880928,0.5807823448952942,1.0126282946913499,1.0254160632095115,strong_phase2_candidate,6,1.005,0.09204964998884523,1.4292946150789586e-12,0.0013853223594738693,artifacts/proof_audit/theorem_iii_trackb/phase1_seed/embeddings/K0p9666000000_M256_steps44.npz,artifacts/proof_audit/theorem_iii_trackb/phase2_tail_audit/records/K0p9666000000_M256_steps44.phase2_tail_audit.json
0.9666,512,2.99482660892636e-13,0.09057897857776062,0.0030796306764129928,0.0020400182919996647,0.025294252316117177,1.0256168662659075,0.5557239949860506,1.0063435990146061,1.0127274392776704,strong_phase2_candidate,5,1.005,0.09388487040840625,1.0747002561226471e-12,0.009291466245592527,artifacts/proof_audit/theorem_iii_trackb/phase1_seed/embeddings/K0p9666000000_M512_steps44.npz,artifacts/proof_audit/theorem_iii_trackb/phase2_tail_audit/records/K0p9666000000_M512_steps44.phase2_tail_audit.json
0.9666,1024,1.49741330446318e-14,0.09034035151165601,6.70716902348009e-05,6.924142853449515e-06,0.01853604002156385,1.0187088987986712,0.7348303456485034,1.0046447636341471,1.0093111010975115,strong_phase2_candidate,6,1.005,0.09336152139678547,1.4370672941716788e-13,0.000512062430551179,artifacts/proof_audit/theorem_iii_trackb/phase1_seed/embeddings/K0p9666000000_M1024_steps44.npz,artifacts/proof_audit/theorem_iii_trackb/phase2_tail_audit/records/K0p9666000000_M1024_steps44.phase2_tail_audit.json
0.967,128,3.1710745140856034e-15,0.08888834968150705,0.004125611989383885,0.00046248775816220997,0.09876303553051477,1.1038047060693357,0.6495449721060573,1.0249980999513246,1.0506211049038259,strong_phase2_candidate,5,1.005,0.09070949087790228,3.778059640552264e-15,0.005311014731342222,artifacts/proof_audit/theorem_iii_trackb/phase1_seed/embeddings/K0p9670000000_M128_steps44.npz,artifacts/proof_audit/theorem_iii_trackb/phase2_tail_audit/records/K0p9670000000_M128_steps44.phase2_tail_audit.json
0.967,256,5.941913627793838e-13,0.08999423185278094,0.0008707129804392125,7.072222050823909e-05,0.049784170823449284,1.051044225884478,0.5771924994751783,1.0125238170212658,1.0252044800353137,strong_phase2_candidate,6,1.005,0.09227058746689071,1.6446323227361874e-12,0.0014358381852513401,artifacts/proof_audit/theorem_iii_trackb/phase1_seed/embeddings/K0p9670000000_M256_steps44.npz,artifacts/proof_audit/theorem_iii_trackb/phase2_tail_audit/records/K0p9670000000_M256_steps44.phase2_tail_audit.json
0.967,512,4.377609386096992e-13,0.09100671131396068,0.0044426284689902526,0.002954156641383929,0.02357245188992945,1.0238524781064997,0.5175348596718692,1.005910511523153,1.0118559571927714,strong_phase2_candidate,5,1.005,0.09471140107327441,1.5700789600335469e-12,0.013356747449296713,artifacts/proof_audit/theorem_iii_trackb/phase1_seed/embeddings/K0p9670000000_M512_steps44.npz,artifacts/proof_audit/theorem_iii_trackb/phase2_tail_audit/records/K0p9670000000_M512_steps44.phase2_tail_audit.json
0.967,1024,1.3656610564627414e-14,0.09058041905334054,7.794145859921605e-05,7.924247270317285e-06,0.018097813739222833,1.0182625715884628,0.72598854667783,1.0045347042281627,1.0090899719987623,strong_phase2_candidate,6,1.005,0.09370921946739648,1.324779417618585e-13,0.0005943115833673874,artifacts/proof_audit/theorem_iii_trackb/phase1_seed/embeddings/K0p9670000000_M1024_steps44.npz,artifacts/proof_audit/theorem_iii_trackb/phase2_tail_audit/records/K0p9670000000_M1024_steps44.phase2_tail_audit.json
0.9675,128,2.491062911502695e-15,0.08908638279499306,0.0042160339173409845,0.00047323161855776047,0.09825853483750972,1.1032479762772727,0.6474411889880252,1.0248688300406523,1.0503561187888957,strong_phase2_candidate,5,1.005,0.0909231331886026,2.9642881114427014e-15,0.005426726606632322,artifacts/proof_audit/theorem_iii_trackb/phase1_seed/embeddings/K0p9675000000_M128_steps44.npz,artifacts/proof_audit/theorem_iii_trackb/phase2_tail_audit/records/K0p9675000000_M128_steps44.phase2_tail_audit.json
0.9675,256,7.162326287613041e-13,0.0902391081155055,0.0009105395495436533,7.421527082929102e-05,0.049271098387510794,1.050505102379756,0.5726804364470983,1.0123939508349777,1.0249415116872553,strong_phase2_candidate,6,1.005,0.09255050246787588,1.9697110897983964e-12,0.001501101981990965,artifacts/proof_audit/theorem_iii_trackb/phase1_seed/embeddings/K0p9675000000_M256_steps44.npz,artifacts/proof_audit/theorem_iii_trackb/phase2_tail_audit/records/K0p9675000000_M256_steps44.phase2_tail_audit.json
0.9675,1024,1.50938289644742e-14,0.09088951231184819,9.367706450904763e-05,9.299249597672136e-06,0.017555268888009345,1.0177102683112613,0.7144910472434505,1.0043984621851378,1.0088162708398698,strong_phase2_candidate,6,1.005,0.09416630860398383,1.6214001715607975e-13,0.0007129633562200893,artifacts/proof_audit/theorem_iii_trackb/phase1_seed/embeddings/K0p9675000000_M1024_steps44.npz,artifacts/proof_audit/theorem_iii_trackb/phase2_tail_audit/records/K0p9675000000_M1024_steps44.phase2_tail_audit.json
0.968,128,3.982925100842749e-15,0.08928589126091405,0.004308043388009712,0.00048417939004719187,0.09775540225021184,1.1026930358845417,0.6453267693858407,1.0247399269212176,1.0500919178265022,strong_phase2_candidate,5,1.005,0.09113846843939459,4.7173060557051494e-15,0.005544443770550549,artifacts/proof_audit/theorem_iii_trackb/phase1_seed/embeddings/K0p9680000000_M128_steps44.npz,artifacts/proof_audit/theorem_iii_trackb/phase2_tail_audit/records/K0p9680000000_M128_steps44.phase2_tail_audit.json
0.968,256,8.577860644010116e-13,0.09048726614855894,0.0009518493923074525,7.785094264056812e-05,0.048761293679394656,1.0499696864230468,0.5681426029912808,1.012264928256541,1.0246802849782204,strong_phase2_candidate,6,1.005,0.09283466000712895,2.364313823909037e-12,0.0015687603011025888,artifacts/proof_audit/theorem_iii_trackb/phase1_seed/embeddings/K0p9680000000_M256_steps44.npz,artifacts/proof_audit/theorem_iii_trackb/phase2_tail_audit/records/K0p9680000000_M256_steps44.phase2_tail_audit.json
0.968,1024,1.4028708750224439e-14,0.09120943083695501,0.00011205954885855945,1.0795377975175175e-05,0.017019515945210964,1.0171651730713251,0.7025061661600185,1.0042639438359497,1.0085460688889354,strong_phase2_candidate,6,1.005,0.09465089747761052,1.612704900289091e-13,0.0008509494056141708,artifacts/proof_audit/theorem_iii_trackb/phase1_seed/embeddings/K0p9680000000_M1024_steps44.npz,artifacts/proof_audit/theorem_iii_trackb/phase2_tail_audit/records/K0p9680000000_M1024_steps44.phase2_tail_audit.json
0.9685,128,2.6020852139652106e-15,0.08948689023062481,0.004401652953482145,0.0004953331351308201,0.09725366921768892,1.1021399171342827,0.6432018676344801,1.024611398514484,1.049828517965807,strong_phase2_candidate,5,1.005,0.09135551442359924,3.0871117920555004e-15,0.005664181012472499,artifacts/proof_audit/theorem_iii_trackb/phase1_seed/embeddings/K0p9685000000_M128_steps44.npz,artifacts/proof_audit/theorem_iii_trackb/phase2_tail_audit/records/K0p9685000000_M128_steps44.phase2_tail_audit.json
0.9685,256,1.0262346528122634e-12,0.09073877244391648,0.0009946691913748783,8.16325142652213e-05,0.04825489500421741,1.0494381177690566,0.5635809777906935,1.0121367839635753,1.0244208694521293,strong_phase2_candidate,6,1.005,0.09312314918388376,2.830859565273326e-12,0.0016388529840338898,artifacts/proof_audit/theorem_iii_trackb/phase1_seed/embeddings/K0p9685000000_M256_steps44.npz,artifacts/proof_audit/theorem_iii_trackb/phase2_tail_audit/records/K0p9685000000_M256_steps44.phase2_tail_audit.json
0.9685,1024,1.4422490979271174e-14,0.09154112083195662,0.00013334703719653057,1.2372840947899556e-05,0.016491684506348806,1.01662842298371,0.6900493345854211,1.004131432058509,1.0082799328478722,strong_phase2_candidate,6,1.005,0.0951659053240052,1.6134896579953892e-13,0.0010098758323842676,artifacts/proof_audit/theorem_iii_trackb/phase1_seed/embeddings/K0p9685000000_M1024_steps44.npz,artifacts/proof_audit/theorem_iii_trackb/phase2_tail_audit/records/K0p9685000000_M1024_steps44.phase2_tail_audit.json
0.969,128,3.649858193455202e-15,0.08968939480177562,0.004496874593060158,0.0005066948578262267,0.0967533678004969,1.1015886528824381,0.6410666468032893,1.0244832528948935,1.0495659354621025,strong_phase2_candidate,5,1.005,0.09157428886852853,4.338053651209722e-15,0.005785952356802653,artifacts/proof_audit/theorem_iii_trackb/phase1_seed/embeddings/K0p9690000000_M128_steps44.npz,artifacts/proof_audit/theorem_iii_trackb/phase2_tail_audit/records/K0p9690000000_M128_steps44.phase2_tail_audit.json
0.969,256,1.2242706848297757e-12,0.09099369315548822,0.0010390235805366706,8.556311241541317e-05,0.04775204430034442,1.048910539730476,0.5589976630738649,1.0120095535374236,1.0241633364510156,strong_phase2_candidate,5,1.005,0.09341605849887309,3.3688802617337406e-12,0.0017114162888747578,artifacts/proof_audit/theorem_iii_trackb/phase1_seed/embeddings/K0p9690000000_M256_steps44.npz,artifacts/proof_audit/theorem_iii_trackb/phase2_tail_audit/records/K0p9690000000_M256_steps44.phase2_tail_audit.json
0.969,1024,1.259929660601955e-14,0.0918856038032709,0.00015776052706064733,1.3967508196538478e-05,0.015972984213480968,1.0161012342612628,0.67714482339455,1.004001229683721,1.0080184692064242,strong_phase2_candidate,6,1.005,0.09571444337535351,1.462196583605985e-13,0.001190960835154092,artifacts/proof_audit/theorem_iii_trackb/phase1_seed/embeddings/K0p9690000000_M1024_steps44.npz,artifacts/proof_audit/theorem_iii_trackb/phase2_tail_audit/records/K0p9690000000_M1024_steps44.phase2_tail_audit.json
0.9695,128,5.814793091474257e-15,0.08989342000493919,0.004593719679869191,0.0005182664993709637,0.0962545306699451,1.1010392765958232,0.6389212788743248,1.0243554982896086,1.0493041868761523,strong_phase2_candidate,5,1.005,0.09179480941950086,6.883673038529285e-15,0.005909771020528103,artifacts/proof_audit/theorem_iii_trackb/phase1_seed/embeddings/K0p9695000000_M128_steps44.npz,artifacts/proof_audit/theorem_iii_trackb/phase2_tail_audit/records/K0p9695000000_M128_steps44.phase2_tail_audit.json
0.9695,256,1.459415921445384e-12,0.09125209390917241,0.0010849349122535653,8.964568935835644e-05,0.04725288690097626,1.0483870989238386,0.5543948843537736,1.0118832734025756,1.0239077589919117,strong_phase2_candidate,5,1.005,0.0937134755821363,4.017454488734467e-12,0.0017864825103135033,artifacts/proof_audit/theorem_iii_trackb/phase1_seed/embeddings/K0p9695000000_M256_steps44.npz,artifacts/proof_audit/theorem_iii_trackb/phase2_tail_audit/records/K0p9695000000_M256_steps44.phase2_tail_audit.json
0.9695,1024,1.301736496372996e-14,0.0922439741552477,0.00018548178407435404,1.5506498691450253e-05,0.0154646891609789,1.0155848862707282,0.6638265350421508,1.0038736555751153,1.0077623163577452,strong_phase2_candidate,6,1.005,0.0962998002189428,1.5894879234474303e-13,0.0013950815466378086,artifacts/proof_audit/theorem_iii_trackb/phase1_seed/embeddings/K0p9695000000_M1024_steps44.npz,artifacts/proof_audit/theorem_iii_trackb/phase2_tail_audit/records/K0p9695000000_M1024_steps44.phase2_tail_audit.json
0.97,128,2.220446049250313e-15,0.09009898078993062,0.004692198946351314,0.0005300499338700092,0.0957571911063994,1.1004918223491666,0.6367659449141354,1.024228143078012,1.0490432890730328,strong_phase2_candidate,5,1.005,0.09201709362343585,2.6533863738183694e-15,0.006035649369421153,artifacts/proof_audit/theorem_iii_trackb/phase1_seed/embeddings/K0p9700000000_M128_steps44.npz,artifacts/proof_audit/theorem_iii_trackb/phase2_tail_audit/records/K0p9700000000_M128_steps44.phase2_tail_audit.json
0.97,256,1.72492575778449e-12,0.09151403957163366,0.0011324229709984387,9.388299518982461e-05,0.046757571611814715,1.0478679453477477,0.5497749933848842,1.01175798084611,1.0236542118057972,strong_phase2_candidate,5,1.005,0.09401548686202155,4.751243330019651e-12,0.0018640795116989302,artifacts/proof_audit/theorem_iii_trackb/phase1_seed/embeddings/K0p9700000000_M256_steps44.npz,artifacts/proof_audit/theorem_iii_trackb/phase2_tail_audit/records/K0p9700000000_M256_steps44.phase2_tail_audit.json
0.97,1024,1.5557000132560006e-14,0.09261738776755699,0.0002165865498033619,1.6861362964920188e-05,0.014968108490283832,1.01508069164377,0.6501382239254779,1.0037490372473623,1.0075121297750067,strong_phase2_candidate,6,1.005,0.09692534889354129,1.6743828899587146e-13,0.0016221185720894115,artifacts/proof_audit/theorem_iii_trackb/phase1_seed/embeddings/K0p9700000000_M1024_steps44.npz,artifacts/proof_audit/theorem_iii_trackb/phase2_tail_audit/records/K0p9700000000_M1024_steps44.phase2_tail_audit.json
0.9705,128,1.1789180742738381e-14,0.09030609201239974,0.004792322449650117,0.0005420469641354006,0.09526138299672356,1.099946324821238,0.6346008352416008,1.0241011957909874,1.0487832592205302,strong_phase2_candidate,5,1.005,0.0922411589126373,1.3927072048333455e-14,0.006163598874207842,artifacts/proof_audit/theorem_iii_trackb/phase1_seed/embeddings/K0p9705000000_M128_steps44.npz,artifacts/proof_audit/theorem_iii_trackb/phase2_tail_audit/records/K0p9705000000_M128_steps44.phase2_tail_audit.json
0.9705,256,2.041700142285663e-12,0.09177959404831634,0.0011815047538114144,9.827755486198442e-05,0.04626625023739202,1.0473532318838434,0.5451404646987152,1.011633713897709,1.0234027710944715,strong_phase2_candidate,5,1.005,0.09432217727720252,5.638173285704135e-12,0.0019442303707597175,artifacts/proof_audit/theorem_iii_trackb/phase1_seed/embeddings/K0p9705000000_M256_steps44.npz,artifacts/proof_audit/theorem_iii_trackb/phase2_tail_audit/records/K0p9705000000_M256_steps44.phase2_tail_audit.json
0.9705,1024,1.315874492702207e-14,0.09300705254919231,0.0002510439960714826,1.78694036370536e-05,0.014484556086634133,1.0145899655908703,0.6361334062751809,1.0036277032665217,1.0072685667640335,strong_phase2_candidate,6,1.005,0.09759450946212819,1.6005064060285785e-13,0.0018710294678857444,artifacts/proof_audit/theorem_iii_trackb/phase1_seed/embeddings/K0p9705000000_M1024_steps44.npz,artifacts/proof_audit/theorem_iii_trackb/phase2_tail_audit/records/K0p9705000000_M1024_steps44.phase2_tail_audit.json
0.971,128,7.424616477180734e-15,0.09051476841750856,0.004894099535733183,0.0005542593165786941,0.0947671408308105,1.0994028192900094,0.6324261495887872,1.0239746651099677,1.0485241147870703,strong_phase2_candidate,5,1.005,0.09246702258552904,8.789884025400007e-15,0.006293630065149042,artifacts/proof_audit/theorem_iii_trackb/phase1_seed/embeddings/K0p9710000000_M128_steps44.npz,artifacts/proof_audit/theorem_iii_trackb/phase2_tail_audit/records/K0p9710000000_M128_steps44.phase2_tail_audit.json
0.971,256,2.407601895626499e-12,0.09204882002782407,0.0012321941790774987,0.00010283163957570813,0.04577907756917536,1.0468431142830668,0.5404938969339135,1.0115105113265626,1.023153514524124,strong_phase2_candidate,5,1.005,0.09463362991235885,6.669475738220143e-12,0.002026952908691386,artifacts/proof_audit/theorem_iii_trackb/phase1_seed/embeddings/K0p9710000000_M256_steps44.npz,artifacts/proof_audit/theorem_iii_trackb/phase2_tail_audit/records/K0p9710000000_M256_steps44.phase2_tail_audit.json
0.971,1024,1.4450246554886803e-14,0.09341423096393324,0.0002888870330867111,1.8524478689885982e-05,0.014015307595636255,1.0141139824664507,0.6218744665542665,1.0035099724759609,1.007032264858704,strong_phase2_candidate,6,1.005,0.09831088289680484,1.4587942768697374e-13,0.002141761966010678,artifacts/proof_audit/theorem_iii_trackb/phase1_seed/embeddings/K0p9710000000_M1024_steps44.npz,artifacts/proof_audit/theorem_iii_trackb/phase2_tail_audit/records/K0p9710000000_M1024_steps44.phase2_tail_audit.json
0.97125,128,1.4710455076283324e-14,0.09061969813826645,0.004945610890010579,0.0005604467563953655,0.09452061791848136,1.0991318247097341,0.6313352807972421,1.0239115587504846,1.0483948801428469,strong_phase2_candidate,5,1.005,0.09258063418134435,1.738465624570776e-14,0.006359429315820686,artifacts/proof_audit/theorem_iii_trackb/phase1_seed/embeddings/K0p9712500000_M128_steps44.npz,artifacts/proof_audit/theorem_iii_trackb/phase2_tail_audit/records/K0p9712500000_M128_steps44.phase2_tail_audit.json
0.97125,256,2.611244553918368e-12,0.09218482903135126,0.001258145206904364,0.0001051691379014732,0.04553709608518682,1.0465898282792667,0.5381669435157372,1.0114493214737823,1.0230297299097748,strong_phase2_candidate,5,1.005,0.0947911674380472,7.245912241109048e-12,0.0020692825956540157,artifacts/proof_audit/theorem_iii_trackb/phase1_seed/embeddings/K0p9712500000_M256_steps44.npz,artifacts/proof_audit/theorem_iii_trackb/phase2_tail_audit/records/K0p9712500000_M256_steps44.phase2_tail_audit.json
0.97125,1024,3.422956362797436e-14,0.09362479467820407,0.0003091235103732693,1.8782370607971508e-05,0.01378642350374638,1.0138818944701395,0.6146712403801387,1.0034525522516105,1.006917024620271,strong_phase2_candidate,6,1.005,0.09868795597820167,2.7012379753461084e-13,0.002285771765083149,artifacts/proof_audit/theorem_iii_trackb/phase1_seed/embeddings/K0p9712500000_M1024_steps44.npz,artifacts/proof_audit/theorem_iii_trackb/phase2_tail_audit/records/K0p9712500000_M1024_steps44.phase2_tail_audit.json
0.9715,128,9.166278847061449e-15,0.09072502462684259,0.004997538804476615,0.0005666886373926189,0.09427449969653,1.0988613416261195,0.6302420972525719,1.0238485598655822,1.0482658735388268,strong_phase2_candidate,5,1.005,0.09269470179058736,1.0839245753649191e-14,0.006425752488039108,artifacts/proof_audit/theorem_iii_trackb/phase1_seed/embeddings/K0p9715000000_M128_steps44.npz,artifacts/proof_audit/theorem_iii_trackb/phase2_tail_audit/records/K0p9715000000_M128_steps44.phase2_tail_audit.json
0.9715,256,2.8296809340133677e-12,0.09232177874671497,0.001284501846802086,0.00010754724104732169,0.04529621097841618,1.0463377507388183,0.5358380093335849,1.0113884125383588,1.022906521016861,strong_phase2_candidate,5,1.005,0.09494992566388594,7.865390365103443e-12,0.002112259306963733,artifacts/proof_audit/theorem_iii_trackb/phase1_seed/embeddings/K0p9715000000_M256_steps44.npz,artifacts/proof_audit/theorem_iii_trackb/phase2_tail_audit/records/K0p9715000000_M256_steps44.phase2_tail_audit.json
0.9715,1024,4.481900961472718e-13,0.09384021206443241,0.0003301143163225392,1.8897709234395248e-05,0.013561566606391651,1.0136539417623944,0.6074316208767203,1.0033961455301699,1.006803824864802,strong_phase2_candidate,6,1.005,0.09907809111606519,2.1106693970226704e-12,0.0024342720615450823,artifacts/proof_audit/theorem_iii_trackb/phase1_seed/embeddings/K0p9715000000_M1024_steps44.npz,artifacts/proof_audit/theorem_iii_trackb/phase2_tail_audit/records/K0p9715000000_M1024_steps44.phase2_tail_audit.json
0.9716,128,5.3637649877202875e-15,0.09076726672209717,0.005018426822206224,0.0005692006766308773,0.09417616672295695,1.0987532926353294,0.6298041818833284,1.023823390656609,1.0482143352555953,strong_phase2_candidate,5,1.005,0.09274045699266328,6.352830401177573e-15,0.006452428688392856,artifacts/proof_audit/theorem_iii_trackb/phase1_seed/embeddings/K0p9716000000_M128_steps44.npz,artifacts/proof_audit/theorem_iii_trackb/phase2_tail_audit/records/K0p9716000000_M128_steps44.phase2_tail_audit.json
0.9716,256,2.9208024887594775e-12,0.09237682369033992,0.001295158253033772,0.00010850989731503246,0.045200168404760856,1.0462372625939718,0.5349059610894831,1.0113641287433683,1.0228574009088323,strong_phase2_candidate,5,1.005,0.09501377293106181,8.126477093787655e-12,0.0021296312999145943,artifacts/proof_audit/theorem_iii_trackb/phase1_seed/embeddings/K0p9716000000_M256_steps44.npz,artifacts/proof_audit/theorem_iii_trackb/phase2_tail_audit/records/K0p9716000000_M256_steps44.phase2_tail_audit.json
0.9716,1024,9.226230890391207e-13,0.09392777214903983,0.0003386981900413479,1.888642953134805e-05,0.013472781152455945,1.0135639480321676,0.6045277403978948,1.0033738740317792,1.006759131089541,strong_phase2_candidate,6,1.005,0.09923787823344765,4.297323930495405e-12,0.0024946898214411187,artifacts/proof_audit/theorem_iii_trackb/phase1_seed/embeddings/K0p9716000000_M1024_steps44.npz,artifacts/proof_audit/theorem_iii_trackb/phase2_tail_audit/records/K0p9716000000_M1024_steps44.phase2_tail_audit.json
0.971635,128,4.649058915617843e-16,0.090782066542789,0.00502575342137223,0.0005700819577372998,0.09414176570204155,1.09871549505047,0.629650825383806,1.023814585552003,1.04819630558902,strong_phase2_candidate,5,1.005,0.09275648865566602,7.143888535851856e-16,0.006461785213586564,artifacts/proof_audit/theorem_iii_trackb/phase1_seed/embeddings/K0p9716350000_M128_steps44.npz,artifacts/proof_audit/theorem_iii_trackb/phase2_tail_audit/records/K0p9716350000_M128_steps44.phase2_tail_audit.json
0.971635,256,2.9379831900655518e-12,0.09239612534564251,0.0012989033641824955,0.00010884837178326638,0.04516659594155335,1.046202138421573,0.5345796871485684,1.0113556402827402,1.0228402311317115,strong_phase2_candidate,5,1.005,0.09503616609830151,8.186922200947303e-12,0.0021357359816048353,artifacts/proof_audit/theorem_iii_trackb/phase1_seed/embeddings/K0p9716350000_M256_steps44.npz,artifacts/proof_audit/theorem_iii_trackb/phase2_tail_audit/records/K0p9716350000_M256_steps44.phase2_tail_audit.json
0.971635,1024,5.707517791719852e-13,0.09395860927786391,0.0003417266159484003,1.8874039625581424e-05,0.013441864516009355,1.0135326125284676,0.6035104721613909,1.0033661188254293,1.0067435684068051,strong_phase2_candidate,6,1.005,0.09929431516152995,2.681609965532801e-12,0.0025159613858008884,artifacts/proof_audit/theorem_iii_trackb/phase1_seed/embeddings/K0p9716350000_M1024_steps44.npz,artifacts/proof_audit/theorem_iii_trackb/phase2_tail_audit/records/K0p9716350000_M1024_steps44.phase2_tail_audit.json
0.97165,128,3.0531133177191805e-15,0.09078841172016774,0.005028895900433285,0.0005704599780665426,0.09412702487623821,1.0986992991961204,0.6295850875336528,1.02381081259084,1.0481885799779163,strong_phase2_candidate,5,1.005,0.0927633621237618,3.6221993363245e-15,0.006465798305828819,artifacts/proof_audit/theorem_iii_trackb/phase1_seed/embeddings/K0p9716500000_M128_steps44.npz,artifacts/proof_audit/theorem_iii_trackb/phase2_tail_audit/records/K0p9716500000_M128_steps44.phase2_tail_audit.json
0.97165,256,2.951722199995288e-12,0.09240440319465829,0.0013005108519613582,0.00010899367766099758,0.04515221450358822,1.0461870926386103,0.5344398468459277,1.0113520041021766,1.0228328762014889,strong_phase2_candidate,5,1.005,0.09504577058192856,8.227541783153515e-12,0.0021383561603274207,artifacts/proof_audit/theorem_iii_trackb/phase1_seed/embeddings/K0p9716500000_M256_steps44.npz,artifacts/proof_audit/theorem_iii_trackb/phase2_tail_audit/records/K0p9716500000_M256_steps44.phase2_tail_audit.json
0.97165,1024,8.193792866428851e-13,0.09397185570976398,0.0003430282094933207,1.886734213015237e-05,0.013428639951646908,1.0135192090898273,0.603074373303976,1.0033628015609584,1.0067369115562552,strong_phase2_candidate,6,1.005,0.09931858396278449,3.82252263601867e-12,0.002525096569460385,artifacts/proof_audit/theorem_iii_trackb/phase1_seed/embeddings/K0p9716500000_M1024_steps44.npz,artifacts/proof_audit/theorem_iii_trackb/phase2_tail_audit/records/K0p9716500000_M1024_steps44.phase2_tail_audit.json
