K,M,residual_linf,zero_mode_residual_abs,max_mode,small_divisor_min_denominator,small_divisor_min_mode,finite_max_inverse,finite_max_inverse_mode,rep_nu,rep_u_l1_nu,rep_residual_l1_nu,rep_cohomology_correction_l1_nu,rep_correction_to_u_ratio,rep_correction_tail_075_weighted_ratio,recommendation_label,recommendation_score,npz_path,record_path
0.9663,128,8.743006318923108e-16,8.776003275896417e-19,64,0.0510806292927736,55,19.576892725193392,55,1.003,0.08967734474659975,1.0401185195885186e-15,1.7306810879185544e-15,1.929897782777713e-14,0.4062016360400059,strong_phase3_candidate,6,artifacts/proof_audit/theorem_iii_trackb/phase1_seed/embeddings/K0p9663000000_M128_steps44.npz,artifacts/proof_audit/theorem_iii_trackb/phase3_small_divisor/records/K0p9663000000_M128_steps44.phase3_small_divisor_audit.json
0.9663,256,4.595213098923523e-13,2.654927196338155e-18,128,0.03157168686895751,89,31.673949008509837,89,1.003,0.09095876290961055,1.1169584113339847e-12,1.6503712465494668e-12,1.814416988266989e-11,0.27098988492240783,strong_phase3_candidate,6,artifacts/proof_audit/theorem_iii_trackb/phase1_seed/embeddings/K0p9663000000_M256_steps44.npz,artifacts/proof_audit/theorem_iii_trackb/phase3_small_divisor/records/K0p9663000000_M256_steps44.phase3_small_divisor_audit.json
0.9663,512,2.145505995088115e-14,4.876480647304645e-18,256,0.012059739125201429,233,82.92053332316983,233,1.003,0.09208437739023745,7.184399282816528e-14,1.2322990109630265e-12,1.3382280967603867e-11,0.7813360401621212,strong_phase3_candidate,6,artifacts/proof_audit/theorem_iii_trackb/phase1_seed/embeddings/K0p9663000000_M512_steps44.npz,artifacts/proof_audit/theorem_iii_trackb/phase3_small_divisor/records/K0p9663000000_M512_steps44.phase3_small_divisor_audit.json
0.9663,1024,1.203984828501703e-14,3.215488342714176e-18,512,0.007453356589541556,377,134.16773878807646,377,1.003,0.09180329404428267,6.374856305087668e-14,1.9910501666834904e-12,2.168822140219803e-11,0.05404208992075441,strong_phase3_candidate,6,artifacts/proof_audit/theorem_iii_trackb/phase1_seed/embeddings/K0p9663000000_M1024_steps44.npz,artifacts/proof_audit/theorem_iii_trackb/phase3_small_divisor/records/K0p9663000000_M1024_steps44.phase3_small_divisor_audit.json
0.9666,128,2.0775048348298242e-14,1.3469621696456292e-18,64,0.0510806292927736,55,19.576892725193392,55,1.003,0.08980010654518555,4.06569119029085e-14,1.309593651285065e-13,1.458343092974065e-12,0.29649315871630133,strong_phase3_candidate,6,artifacts/proof_audit/theorem_iii_trackb/phase1_seed/embeddings/K0p9666000000_M128_steps44.npz,artifacts/proof_audit/theorem_iii_trackb/phase3_small_divisor/records/K0p9666000000_M128_steps44.phase3_small_divisor_audit.json
0.9666,256,5.115075030204252e-13,8.112288789905544e-18,128,0.03157168686895751,89,31.673949008509837,89,1.003,0.0911140397181403,1.2620978820693523e-12,1.8133179940716707e-12,1.990163096358298e-11,0.2729608822108346,strong_phase3_candidate,6,artifacts/proof_audit/theorem_iii_trackb/phase1_seed/embeddings/K0p9666000000_M256_steps44.npz,artifacts/proof_audit/theorem_iii_trackb/phase3_small_divisor/records/K0p9666000000_M256_steps44.phase3_small_divisor_audit.json
0.9666,512,2.99482660892636e-13,1.7264390451996203e-18,256,0.012059739125201429,233,82.92053332316983,233,1.003,0.09240559220269125,8.591402174442507e-13,2.8560682442590347e-12,3.0907958881906866e-11,0.48640815001649523,strong_phase3_candidate,6,artifacts/proof_audit/theorem_iii_trackb/phase1_seed/embeddings/K0p9666000000_M512_steps44.npz,artifacts/proof_audit/theorem_iii_trackb/phase3_small_divisor/records/K0p9666000000_M512_steps44.phase3_small_divisor_audit.json
0.9666,1024,1.49741330446318e-14,1.002047920548496e-18,512,0.007453356589541556,377,134.16773878807646,377,1.003,0.09201564641633492,6.965462097850883e-14,2.0504155489761147e-12,2.2283335811159593e-11,0.10984279276544617,strong_phase3_candidate,6,artifacts/proof_audit/theorem_iii_trackb/phase1_seed/embeddings/K0p9666000000_M1024_steps44.npz,artifacts/proof_audit/theorem_iii_trackb/phase3_small_divisor/records/K0p9666000000_M1024_steps44.phase3_small_divisor_audit.json
0.967,128,3.1710745140856034e-15,6.286479791153998e-18,64,0.0510806292927736,55,19.576892725193392,55,1.003,0.08996466943195877,3.5326186978976076e-15,6.283080664614185e-15,6.983942367916046e-14,0.440543477986482,strong_phase3_candidate,6,artifacts/proof_audit/theorem_iii_trackb/phase1_seed/embeddings/K0p9670000000_M128_steps44.npz,artifacts/proof_audit/theorem_iii_trackb/phase3_small_divisor/records/K0p9670000000_M128_steps44.phase3_small_divisor_audit.json
0.967,256,5.941913627793838e-13,2.4477144184210615e-18,128,0.03157168686895751,89,31.673949008509837,89,1.003,0.09132313736878442,1.4522534652292257e-12,2.0604382536511436e-12,2.2562061631003836e-11,0.2740558137373085,strong_phase3_candidate,6,artifacts/proof_audit/theorem_iii_trackb/phase1_seed/embeddings/K0p9670000000_M256_steps44.npz,artifacts/proof_audit/theorem_iii_trackb/phase3_small_divisor/records/K0p9670000000_M256_steps44.phase3_small_divisor_audit.json
0.967,512,4.377609386096992e-13,9.22238856658372e-19,256,0.012059739125201429,233,82.92053332316983,233,1.003,0.09302574511215589,1.2558495969540531e-12,3.641631854517739e-12,3.9146494877597905e-11,0.43259790073098636,strong_phase3_candidate,6,artifacts/proof_audit/theorem_iii_trackb/phase1_seed/embeddings/K0p9670000000_M512_steps44.npz,artifacts/proof_audit/theorem_iii_trackb/phase3_small_divisor/records/K0p9670000000_M512_steps44.phase3_small_divisor_audit.json
0.967,1024,1.3656610564627414e-14,6.526578513041522e-20,512,0.007453356589541556,377,134.16773878807646,377,1.003,0.0923074154985096,6.480285737110981e-14,1.99612832719528e-12,2.162478839229888e-11,0.05995843063745608,strong_phase3_candidate,6,artifacts/proof_audit/theorem_iii_trackb/phase1_seed/embeddings/K0p9670000000_M1024_steps44.npz,artifacts/proof_audit/theorem_iii_trackb/phase3_small_divisor/records/K0p9670000000_M1024_steps44.phase3_small_divisor_audit.json
0.9675,128,2.491062911502695e-15,7.527909447021056e-19,64,0.0510806292927736,55,19.576892725193392,55,1.003,0.09017180017140403,2.7710500902798034e-15,5.229753768691308e-15,5.799766400083257e-14,0.4565861654860349,strong_phase3_candidate,6,artifacts/proof_audit/theorem_iii_trackb/phase1_seed/embeddings/K0p9675000000_M128_steps44.npz,artifacts/proof_audit/theorem_iii_trackb/phase3_small_divisor/records/K0p9675000000_M128_steps44.phase3_small_divisor_audit.json
0.9675,256,7.162326287613041e-13,1.862534687390922e-17,128,0.03157168686895751,89,31.673949008509837,89,1.003,0.09158788038686153,1.7390709482499511e-12,2.4011855825150438e-12,2.6217285216914998e-11,0.2750529221842651,strong_phase3_candidate,6,artifacts/proof_audit/theorem_iii_trackb/phase1_seed/embeddings/K0p9675000000_M256_steps44.npz,artifacts/proof_audit/theorem_iii_trackb/phase3_small_divisor/records/K0p9675000000_M256_steps44.phase3_small_divisor_audit.json
0.9675,1024,1.50938289644742e-14,6.769517514096548e-19,512,0.007453356589541556,377,134.16773878807646,377,1.003,0.09268711744960859,8.005096384040282e-14,2.0035514423105705e-12,2.1616288190209883e-11,0.11435748981509739,strong_phase3_candidate,6,artifacts/proof_audit/theorem_iii_trackb/phase1_seed/embeddings/K0p9675000000_M1024_steps44.npz,artifacts/proof_audit/theorem_iii_trackb/phase3_small_divisor/records/K0p9675000000_M1024_steps44.phase3_small_divisor_audit.json
0.968,128,3.982925100842749e-15,6.622617498937423e-19,64,0.0510806292927736,55,19.576892725193392,55,1.003,0.09038053221929922,4.410411183162001e-15,7.620784222661818e-15,8.431886862726982e-14,0.4047623013194359,strong_phase3_candidate,6,artifacts/proof_audit/theorem_iii_trackb/phase1_seed/embeddings/K0p9680000000_M128_steps44.npz,artifacts/proof_audit/theorem_iii_trackb/phase3_small_divisor/records/K0p9680000000_M128_steps44.phase3_small_divisor_audit.json
0.968,256,8.577860644010116e-13,1.2167062908105844e-17,128,0.03157168686895751,89,31.673949008509837,89,1.003,0.09185644298844196,2.0873161816447542e-12,2.8680302004925347e-12,3.122296169092255e-11,0.2756298768874481,strong_phase3_candidate,6,artifacts/proof_audit/theorem_iii_trackb/phase1_seed/embeddings/K0p9680000000_M256_steps44.npz,artifacts/proof_audit/theorem_iii_trackb/phase3_small_divisor/records/K0p9680000000_M256_steps44.phase3_small_divisor_audit.json
0.968,1024,1.4028708750224439e-14,8.780275364423038e-19,512,0.007453356589541556,377,134.16773878807646,377,1.003,0.09308503827837325,7.861861994515253e-14,2.0228397891988357e-12,2.17310947775461e-11,0.15405334551361832,strong_phase3_candidate,6,artifacts/proof_audit/theorem_iii_trackb/phase1_seed/embeddings/K0p9680000000_M1024_steps44.npz,artifacts/proof_audit/theorem_iii_trackb/phase3_small_divisor/records/K0p9680000000_M1024_steps44.phase3_small_divisor_audit.json
0.9685,128,2.6020852139652106e-15,1.6972062589523072e-18,64,0.0510806292927736,55,19.576892725193392,55,1.003,0.09059088225224012,2.8892119769250138e-15,5.053071264155011e-15,5.5779026967474534e-14,0.4104353161264746,strong_phase3_candidate,6,artifacts/proof_audit/theorem_iii_trackb/phase1_seed/embeddings/K0p9685000000_M128_steps44.npz,artifacts/proof_audit/theorem_iii_trackb/phase3_small_divisor/records/K0p9685000000_M128_steps44.phase3_small_divisor_audit.json
0.9685,256,1.0262346528122634e-12,4.6352281720918246e-18,128,0.03157168686895751,89,31.673949008509837,89,1.003,0.09212890428374929,2.4990853433829983e-12,3.418192627069257e-12,3.710228243398522e-11,0.2763456069560206,strong_phase3_candidate,6,artifacts/proof_audit/theorem_iii_trackb/phase1_seed/embeddings/K0p9685000000_M256_steps44.npz,artifacts/proof_audit/theorem_iii_trackb/phase3_small_divisor/records/K0p9685000000_M256_steps44.phase3_small_divisor_audit.json
0.9685,1024,1.4422490979271174e-14,1.0356783831906266e-18,512,0.007453356589541556,377,134.16773878807646,377,1.003,0.09350298486829445,7.87067671476831e-14,2.0719721117120225e-12,2.2159422125727233e-11,0.12938872736585455,strong_phase3_candidate,6,artifacts/proof_audit/theorem_iii_trackb/phase1_seed/embeddings/K0p9685000000_M1024_steps44.npz,artifacts/proof_audit/theorem_iii_trackb/phase3_small_divisor/records/K0p9685000000_M1024_steps44.phase3_small_divisor_audit.json
0.969,128,3.649858193455202e-15,4.37911367943624e-18,64,0.0510806292927736,55,19.576892725193392,55,1.003,0.09080286688605985,4.056735336748361e-15,7.441782295677633e-15,8.195536716936086e-14,0.4298250174994343,strong_phase3_candidate,6,artifacts/proof_audit/theorem_iii_trackb/phase1_seed/embeddings/K0p9690000000_M128_steps44.npz,artifacts/proof_audit/theorem_iii_trackb/phase3_small_divisor/records/K0p9690000000_M128_steps44.phase3_small_divisor_audit.json
0.969,256,1.2242706848297757e-12,5.755960557915226e-19,128,0.03157168686895751,89,31.673949008509837,89,1.003,0.09240534290424943,2.974365958601261e-12,4.012693767208869e-12,4.3424910736674925e-11,0.2764511286228793,strong_phase3_candidate,6,artifacts/proof_audit/theorem_iii_trackb/phase1_seed/embeddings/K0p9690000000_M256_steps44.npz,artifacts/proof_audit/theorem_iii_trackb/phase3_small_divisor/records/K0p9690000000_M256_steps44.phase3_small_divisor_audit.json
0.969,1024,1.259929660601955e-14,1.978088560690968e-18,512,0.007453356589541556,377,134.16773878807646,377,1.003,0.09394289621948174,7.031976149546554e-14,2.0879933616161226e-12,2.222619746295535e-11,0.11848964171292324,strong_phase3_candidate,6,artifacts/proof_audit/theorem_iii_trackb/phase1_seed/embeddings/K0p9690000000_M1024_steps44.npz,artifacts/proof_audit/theorem_iii_trackb/phase3_small_divisor/records/K0p9690000000_M1024_steps44.phase3_small_divisor_audit.json
0.9695,128,5.814793091474257e-15,3.280939562312512e-18,64,0.0510806292927736,55,19.576892725193392,55,1.003,0.09101650266095276,6.4370755239535824e-15,1.1233235754003293e-14,1.2341976922414197e-13,0.43844829025580867,strong_phase3_candidate,6,artifacts/proof_audit/theorem_iii_trackb/phase1_seed/embeddings/K0p9695000000_M128_steps44.npz,artifacts/proof_audit/theorem_iii_trackb/phase3_small_divisor/records/K0p9695000000_M128_steps44.phase3_small_divisor_audit.json
0.9695,256,1.459415921445384e-12,1.8549408268759333e-18,128,0.03157168686895751,89,31.673949008509837,89,1.003,0.09268583676729933,3.5470237974793643e-12,4.757092700806284e-12,5.132491507574805e-11,0.27644941287317204,strong_phase3_candidate,6,artifacts/proof_audit/theorem_iii_trackb/phase1_seed/embeddings/K0p9695000000_M256_steps44.npz,artifacts/proof_audit/theorem_iii_trackb/phase3_small_divisor/records/K0p9695000000_M256_steps44.phase3_small_divisor_audit.json
0.9695,1024,1.301736496372996e-14,2.722000522759394e-19,512,0.007453356589541556,377,134.16773878807646,377,1.003,0.0944068357293711,7.63550815971909e-14,2.1043179102241802e-12,2.228988922217951e-11,0.12171539541675555,strong_phase3_candidate,6,artifacts/proof_audit/theorem_iii_trackb/phase1_seed/embeddings/K0p9695000000_M1024_steps44.npz,artifacts/proof_audit/theorem_iii_trackb/phase3_small_divisor/records/K0p9695000000_M1024_steps44.phase3_small_divisor_audit.json
0.97,128,2.220446049250313e-15,9.313796404710665e-19,64,0.0510806292927736,55,19.576892725193392,55,1.003,0.09123180602622605,2.4804021158502144e-15,4.363155871374104e-15,4.78249424342191e-14,0.41067310391050776,strong_phase3_candidate,6,artifacts/proof_audit/theorem_iii_trackb/phase1_seed/embeddings/K0p9700000000_M128_steps44.npz,artifacts/proof_audit/theorem_iii_trackb/phase3_small_divisor/records/K0p9700000000_M128_steps44.phase3_small_divisor_audit.json
0.97,256,1.72492575778449e-12,7.272573497903965e-19,128,0.03157168686895751,89,31.673949008509837,89,1.003,0.09297046278984172,4.1954860257852966e-12,5.553902949754436e-12,5.973835972301167e-11,0.2754713348301345,strong_phase3_candidate,6,artifacts/proof_audit/theorem_iii_trackb/phase1_seed/embeddings/K0p9700000000_M256_steps44.npz,artifacts/proof_audit/theorem_iii_trackb/phase3_small_divisor/records/K0p9700000000_M256_steps44.phase3_small_divisor_audit.json
0.97,1024,1.5557000132560006e-14,9.427651592629967e-19,512,0.007453356589541556,377,134.16773878807646,377,1.003,0.09489695155099576,8.348438733089399e-14,1.918835719649341e-12,2.022020400326765e-11,0.11621512362784779,strong_phase3_candidate,6,artifacts/proof_audit/theorem_iii_trackb/phase1_seed/embeddings/K0p9700000000_M1024_steps44.npz,artifacts/proof_audit/theorem_iii_trackb/phase3_small_divisor/records/K0p9700000000_M1024_steps44.phase3_small_divisor_audit.json
0.9705,128,1.1789180742738381e-14,6.655849129844564e-18,64,0.0510806292927736,55,19.576892725193392,55,1.003,0.09144879332527492,1.3025187516460057e-14,2.312694359191425e-14,2.5289501097793437e-13,0.42050691994882194,strong_phase3_candidate,6,artifacts/proof_audit/theorem_iii_trackb/phase1_seed/embeddings/K0p9705000000_M128_steps44.npz,artifacts/proof_audit/theorem_iii_trackb/phase3_small_divisor/records/K0p9705000000_M128_steps44.phase3_small_divisor_audit.json
0.9705,256,2.041700142285663e-12,9.649893836348013e-18,128,0.03157168686895751,89,31.673949008509837,89,1.003,0.09325929663889956,4.978484058784066e-12,6.576852249295506e-12,7.052221586831293e-11,0.2760257534124575,strong_phase3_candidate,6,artifacts/proof_audit/theorem_iii_trackb/phase1_seed/embeddings/K0p9705000000_M256_steps44.npz,artifacts/proof_audit/theorem_iii_trackb/phase3_small_divisor/records/K0p9705000000_M256_steps44.phase3_small_divisor_audit.json
0.9705,1024,1.315874492702207e-14,1.5438343687469178e-18,512,0.007453356589541556,377,134.16773878807646,377,1.003,0.0954154549034465,8.138930608048476e-14,1.934734394592321e-12,2.0276949856290384e-11,0.047134649377977525,strong_phase3_candidate,6,artifacts/proof_audit/theorem_iii_trackb/phase1_seed/embeddings/K0p9705000000_M1024_steps44.npz,artifacts/proof_audit/theorem_iii_trackb/phase3_small_divisor/records/K0p9705000000_M1024_steps44.phase3_small_divisor_audit.json
0.971,128,7.424616477180734e-15,9.171419079095464e-18,64,0.0510806292927736,55,19.576892725193392,55,1.003,0.09166748077756731,8.219925301961396e-15,1.454121004451855e-14,1.586299734777597e-13,0.4203638065838073,strong_phase3_candidate,6,artifacts/proof_audit/theorem_iii_trackb/phase1_seed/embeddings/K0p9710000000_M128_steps44.npz,artifacts/proof_audit/theorem_iii_trackb/phase3_small_divisor/records/K0p9710000000_M128_steps44.phase3_small_divisor_audit.json
0.971,256,2.407601895626499e-12,7.079786019695458e-19,128,0.03157168686895751,89,31.673949008509837,89,1.003,0.09355241241590284,5.888743443396778e-12,7.763605852329974e-12,8.298669859859487e-11,0.2765165374282983,strong_phase3_candidate,6,artifacts/proof_audit/theorem_iii_trackb/phase1_seed/embeddings/K0p9710000000_M256_steps44.npz,artifacts/proof_audit/theorem_iii_trackb/phase3_small_divisor/records/K0p9710000000_M256_steps44.phase3_small_divisor_audit.json
0.971,1024,1.4450246554886803e-14,2.1724119264600133e-19,512,0.007453356589541556,377,134.16773878807646,377,1.003,0.09596466017782687,7.464923634461446e-14,1.8722228974063804e-12,1.9509503747911642e-11,0.06136990554593104,strong_phase3_candidate,6,artifacts/proof_audit/theorem_iii_trackb/phase1_seed/embeddings/K0p9710000000_M1024_steps44.npz,artifacts/proof_audit/theorem_iii_trackb/phase3_small_divisor/records/K0p9710000000_M1024_steps44.phase3_small_divisor_audit.json
0.97125,128,1.4710455076283324e-14,1.2997429937392531e-17,64,0.0510806292927736,55,19.576892725193392,55,1.003,0.09177746709252113,1.6259777005671267e-14,2.89115195005966e-14,3.150176226965472e-13,0.4237246177511321,strong_phase3_candidate,6,artifacts/proof_audit/theorem_iii_trackb/phase1_seed/embeddings/K0p9712500000_M128_steps44.npz,artifacts/proof_audit/theorem_iii_trackb/phase3_small_divisor/records/K0p9712500000_M128_steps44.phase3_small_divisor_audit.json
0.97125,256,2.611244553918368e-12,3.077814824171031e-18,128,0.03157168686895751,89,31.673949008509837,89,1.003,0.0937005986853941,6.397557309740606e-12,8.425660900975717e-12,8.992109996293008e-11,0.27673372183920414,strong_phase3_candidate,6,artifacts/proof_audit/theorem_iii_trackb/phase1_seed/embeddings/K0p9712500000_M256_steps44.npz,artifacts/proof_audit/theorem_iii_trackb/phase3_small_divisor/records/K0p9712500000_M256_steps44.phase3_small_divisor_audit.json
0.97125,1024,3.422956362797436e-14,4.002465320786753e-18,512,0.007453356589541556,377,134.16773878807646,377,1.003,0.09625152657954508,1.3939669257373862e-13,1.7586492561186937e-12,1.8271390788439023e-11,0.09411003289716703,strong_phase3_candidate,6,artifacts/proof_audit/theorem_iii_trackb/phase1_seed/embeddings/K0p9712500000_M1024_steps44.npz,artifacts/proof_audit/theorem_iii_trackb/phase3_small_divisor/records/K0p9712500000_M1024_steps44.phase3_small_divisor_audit.json
0.9715,128,9.166278847061449e-15,6.498989389818251e-18,64,0.0510806292927736,55,19.576892725193392,55,1.003,0.09188788446384026,1.0135923519728222e-14,1.798280630942805e-14,1.9570377982207924e-13,0.42647651645814005,strong_phase3_candidate,6,artifacts/proof_audit/theorem_iii_trackb/phase1_seed/embeddings/K0p9715000000_M128_steps44.npz,artifacts/proof_audit/theorem_iii_trackb/phase3_small_divisor/records/K0p9715000000_M128_steps44.phase3_small_divisor_audit.json
0.9715,256,2.8296809340133677e-12,7.680236052362157e-18,128,0.03157168686895751,89,31.673949008509837,89,1.003,0.09384988236670044,6.9443522423805785e-12,9.137776681955568e-12,9.736588316916004e-11,0.27691493683584095,strong_phase3_candidate,6,artifacts/proof_audit/theorem_iii_trackb/phase1_seed/embeddings/K0p9715000000_M256_steps44.npz,artifacts/proof_audit/theorem_iii_trackb/phase3_small_divisor/records/K0p9715000000_M256_steps44.phase3_small_divisor_audit.json
0.9715,1024,4.481900961472718e-13,6.952268072515635e-17,512,0.007453356589541556,377,134.16773878807646,377,1.003,0.09654690889153215,1.0777151226938225e-12,3.704611608097325e-12,3.837110530653401e-11,0.19466570227003974,strong_phase3_candidate,6,artifacts/proof_audit/theorem_iii_trackb/phase1_seed/embeddings/K0p9715000000_M1024_steps44.npz,artifacts/proof_audit/theorem_iii_trackb/phase3_small_divisor/records/K0p9715000000_M1024_steps44.phase3_small_divisor_audit.json
0.9716,128,5.3637649877202875e-15,3.605589482796836e-18,64,0.0510806292927736,55,19.576892725193392,55,1.003,0.0919321725532845,5.939999671343293e-15,1.0697971615464009e-14,1.1636809310976952e-13,0.42670839179113773,strong_phase3_candidate,6,artifacts/proof_audit/theorem_iii_trackb/phase1_seed/embeddings/K0p9716000000_M128_steps44.npz,artifacts/proof_audit/theorem_iii_trackb/phase3_small_divisor/records/K0p9716000000_M128_steps44.phase3_small_divisor_audit.json
0.9716,256,2.9208024887594775e-12,9.320884021614508e-19,128,0.03157168686895751,89,31.673949008509837,89,1.003,0.09390990506567856,7.174797639063257e-12,9.436286318404588e-12,1.0048233263365619e-10,0.27699957802936387,strong_phase3_candidate,6,artifacts/proof_audit/theorem_iii_trackb/phase1_seed/embeddings/K0p9716000000_M256_steps44.npz,artifacts/proof_audit/theorem_iii_trackb/phase3_small_divisor/records/K0p9716000000_M256_steps44.phase3_small_divisor_audit.json
0.9716,1024,9.226230890391207e-13,1.444087209876678e-16,512,0.007453356589541556,377,134.16773878807646,377,1.003,0.09666750213657294,2.194524424029812e-12,5.9382917686778226e-12,6.1430073576207e-11,0.24826461900110053,strong_phase3_candidate,6,artifacts/proof_audit/theorem_iii_trackb/phase1_seed/embeddings/K0p9716000000_M1024_steps44.npz,artifacts/proof_audit/theorem_iii_trackb/phase3_small_divisor/records/K0p9716000000_M1024_steps44.phase3_small_divisor_audit.json
0.971635,128,4.649058915617843e-16,1.3249154436246986e-18,64,0.0510806292927736,55,19.576892725193392,55,1.003,0.09194768977696594,6.652086052932246e-16,1.0977774697268578e-15,1.1939152276579167e-14,0.4680532412071408,strong_phase3_candidate,6,artifacts/proof_audit/theorem_iii_trackb/phase1_seed/embeddings/K0p9716350000_M128_steps44.npz,artifacts/proof_audit/theorem_iii_trackb/phase3_small_divisor/records/K0p9716350000_M128_steps44.phase3_small_divisor_audit.json
0.971635,256,2.9379831900655518e-12,3.3459440261727934e-18,128,0.03157168686895751,89,31.673949008509837,89,1.003,0.0939309549231657,7.2281361699053475e-12,9.530878339369572e-12,1.0146685240414842e-10,0.27708662214814805,strong_phase3_candidate,6,artifacts/proof_audit/theorem_iii_trackb/phase1_seed/embeddings/K0p9716350000_M256_steps44.npz,artifacts/proof_audit/theorem_iii_trackb/phase3_small_divisor/records/K0p9716350000_M256_steps44.phase3_small_divisor_audit.json
0.971635,1024,5.707517791719852e-13,9.133156382801653e-17,512,0.007453356589541556,377,134.16773878807646,377,1.003,0.09671004440170708,1.3689413824218625e-12,4.080083976369435e-12,4.218883365849654e-11,0.23501393401709264,strong_phase3_candidate,6,artifacts/proof_audit/theorem_iii_trackb/phase1_seed/embeddings/K0p9716350000_M1024_steps44.npz,artifacts/proof_audit/theorem_iii_trackb/phase3_small_divisor/records/K0p9716350000_M1024_steps44.phase3_small_divisor_audit.json
0.97165,128,3.0531133177191805e-15,2.392649063719472e-18,64,0.0510806292927736,55,19.576892725193392,55,1.003,0.09195434262013111,3.389595026163566e-15,6.2052253826028774e-15,6.748159147020424e-14,0.4389510155630569,strong_phase3_candidate,6,artifacts/proof_audit/theorem_iii_trackb/phase1_seed/embeddings/K0p9716500000_M128_steps44.npz,artifacts/proof_audit/theorem_iii_trackb/phase3_small_divisor/records/K0p9716500000_M128_steps44.phase3_small_divisor_audit.json
0.97165,256,2.951722199995288e-12,5.697660217012333e-19,128,0.03157168686895751,89,31.673949008509837,89,1.003,0.09393998295366032,7.263981756152722e-12,9.576863040464596e-12,1.0194661250033193e-10,0.277107780704943,strong_phase3_candidate,6,artifacts/proof_audit/theorem_iii_trackb/phase1_seed/embeddings/K0p9716500000_M256_steps44.npz,artifacts/proof_audit/theorem_iii_trackb/phase3_small_divisor/records/K0p9716500000_M256_steps44.phase3_small_divisor_audit.json
0.97165,1024,8.193792866428851e-13,1.304823532780879e-16,512,0.007453356589541556,377,134.16773878807646,377,1.003,0.09672833020015827,1.95190881709045e-12,5.40062421681221e-12,5.5832910644035635e-11,0.24295214359863251,strong_phase3_candidate,6,artifacts/proof_audit/theorem_iii_trackb/phase1_seed/embeddings/K0p9716500000_M1024_steps44.npz,artifacts/proof_audit/theorem_iii_trackb/phase3_small_divisor/records/K0p9716500000_M1024_steps44.phase3_small_divisor_audit.json
